time units=S;i(Vdummy1) units=A;i(Vdummy2) units=A
0.000000000000000e+00;-2.117582368135751e-22;3.000000000000000e-04
5.000000000000000e-13;2.117582368135751e-22;2.999999999999999e-04
1.000000000000000e-12;5.544567508273354e-22;3.000000000000000e-04
1.500000000000000e-12;1.759203277770007e-21;2.999999999999999e-04
2.000000000000000e-12;6.063331831491224e-22;2.999999999999999e-04
2.500000000000000e-12;-3.772019964625763e-22;3.000000000000000e-04
3.000000000000000e-12;-1.501506567461086e-23;3.000000000000000e-04
3.500000000000000e-12;-3.249333413675445e-22;3.000000000000000e-04
4.000000000000000e-12;-3.059319969438598e-22;3.000000000000000e-04
4.500000000000000e-12;2.468768252111728e-22;3.000000000000000e-04
5.000000000000000e-12;0.000000000000000e+00;3.000000000000000e-04
5.500000000000000e-12;1.995287080530001e-22;3.000000000000000e-04
5.999999999999999e-12;1.846998060085589e-22;3.000000000000000e-04
6.499999999999999e-12;0.000000000000000e+00;3.000000000000000e-04
6.999999999999999e-12;-2.057322877511235e-23;3.000000000000000e-04
7.500000000000000e-12;-2.117582368135751e-22;3.000000000000000e-04
8.000000000000000e-12;-7.589758572035860e-23;3.000000000000000e-04
8.500000000000000e-12;1.364484444800066e-22;3.000000000000000e-04
9.000000000000000e-12;2.117582368135751e-22;2.999999999999999e-04
9.500000000000000e-12;-4.878055439046241e-23;3.000000000000000e-04
9.999999999999999e-12;-2.030713761504473e-23;3.000000000000000e-04
1.050000000000000e-11;-5.262529428213202e-23;3.000000000000000e-04
1.100000000000000e-11;-4.634659244500827e-23;3.000000000000000e-04
1.150000000000000e-11;-1.608103247551710e-22;3.000000000000000e-04
1.200000000000000e-11;-2.065253184900002e-23;3.000000000000000e-04
1.250000000000000e-11;0.000000000000000e+00;3.000000000000000e-04
1.300000000000000e-11;-3.197186804007530e-24;3.000000000000000e-04
1.350000000000000e-11;0.000000000000000e+00;3.000000000000000e-04
1.400000000000000e-11;-6.244396049725129e-22;3.000000000000000e-04
1.450000000000000e-11;3.513530226470864e-22;3.000000000000000e-04
1.500000000000000e-11;-3.160466379181292e-22;3.000000000000000e-04
1.550000000000000e-11;-8.322021301865711e-22;3.000000000000000e-04
1.600000000000000e-11;-1.519201479077456e-22;3.000000000000000e-04
1.650000000000000e-11;6.610084685440967e-23;3.000000000000000e-04
1.700000000000001e-11;2.305910196762474e-21;3.000000000000000e-04
1.750000000000001e-11;-9.815682567690974e-24;3.000000000000000e-04
1.800000000000001e-11;-1.342756760513012e-21;3.000000000000000e-04
1.850000000000001e-11;-1.590526840756342e-21;2.999999999999999e-04
1.900000000000001e-11;1.414744138940677e-21;3.000000000000000e-04
1.950000000000001e-11;-1.371673852139646e-21;3.000000000000000e-04
2.000000000000001e-11;1.466253454965144e-21;3.000000000000000e-04
2.050000000000002e-11;7.042236655801029e-22;3.000000000000000e-04
2.100000000000002e-11;-2.344179854355658e-22;3.000000000000000e-04
2.150000000000002e-11;-1.646525683267345e-22;3.000000000000000e-04
2.200000000000002e-11;1.473568842138237e-23;3.000000000000000e-04
2.250000000000002e-11;0.000000000000000e+00;3.000000000000000e-04
2.300000000000002e-11;5.844486107990503e-24;3.000000000000000e-04
2.350000000000003e-11;0.000000000000000e+00;3.000000000000000e-04
2.400000000000003e-11;-2.117582368135751e-22;3.000000000000000e-04
2.450000000000003e-11;0.000000000000000e+00;2.999999999999999e-04
2.500000000000003e-11;0.000000000000000e+00;3.000000000000000e-04
2.550000000000003e-11;-1.941196055463529e-22;3.000000000000000e-04
2.600000000000003e-11;0.000000000000000e+00;3.000000000000000e-04
2.650000000000003e-11;0.000000000000000e+00;3.000000000000000e-04
2.700000000000004e-11;0.000000000000000e+00;3.000000000000000e-04
2.750000000000004e-11;-1.059198259440142e-22;3.000000000000000e-04
2.800000000000004e-11;-2.117582368135751e-22;3.000000000000000e-04
2.850000000000004e-11;-2.104171232983026e-22;3.000000000000000e-04
2.900000000000004e-11;0.000000000000000e+00;3.000000000000000e-04
2.950000000000004e-11;-4.692328319942363e-23;3.000000000000000e-04
3.000000000000004e-11;1.734952081340815e-22;3.000000000000000e-04
3.050000000000004e-11;-1.465497101446307e-22;3.000000000000000e-04
3.100000000000004e-11;-1.248347617913626e-22;3.000000000000000e-04
3.150000000000003e-11;-2.885234735577773e-23;3.000000000000000e-04
3.200000000000003e-11;0.000000000000000e+00;2.999999999999999e-04
3.250000000000003e-11;-1.876323212159597e-22;3.000000000000000e-04
3.300000000000003e-11;-1.992621269731649e-22;3.000000000000000e-04
3.350000000000003e-11;0.000000000000000e+00;3.000000000000000e-04
3.400000000000002e-11;1.027734317741171e-22;3.000000000000000e-04
3.450000000000002e-11;-1.358992244428760e-22;3.000000000000000e-04
3.500000000000002e-11;0.000000000000000e+00;3.000000000000000e-04
3.550000000000002e-11;-2.948297578104024e-22;2.999999999999999e-04
3.600000000000002e-11;-1.236711454618653e-22;3.000000000000000e-04
3.650000000000002e-11;4.030144123394267e-22;3.000000000000000e-04
3.700000000000001e-11;6.723673272186834e-23;3.000000000000000e-04
3.750000000000001e-11;-2.117582368135751e-22;3.000000000000000e-04
3.800000000000001e-11;8.843627244321549e-23;3.000000000000000e-04
3.850000000000001e-11;-1.240936687830264e-22;2.999999999999999e-04
3.900000000000001e-11;-4.843536930133863e-23;2.999999999999999e-04
3.950000000000001e-11;-1.195161281975601e-21;3.000000000000000e-04
4.000000000000000e-11;-7.221188733691546e-22;3.000000000000000e-04
4.050000000000000e-11;4.151132886590729e-22;2.999999999999999e-04
4.100000000000000e-11;-1.664131077199222e-21;3.000000000000000e-04
4.150000000000000e-11;-1.597534483606085e-22;3.000000000000000e-04
4.200000000000000e-11;-6.518272010720467e-22;3.000000000000000e-04
4.250000000000000e-11;-4.298129125601944e-22;3.000000000000000e-04
4.299999999999999e-11;-2.693261975861649e-21;3.000000000000000e-04
4.349999999999999e-11;9.388172224701831e-22;3.000000000000000e-04
4.399999999999999e-11;1.415538019344140e-21;3.000000000000000e-04
4.449999999999999e-11;-8.475153700677147e-22;3.000000000000000e-04
4.499999999999999e-11;0.000000000000000e+00;3.000000000000000e-04
4.549999999999999e-11;-2.117582368135751e-22;2.999999999999999e-04
4.599999999999998e-11;-2.117582368135751e-22;3.000000000000000e-04
4.649999999999998e-11;0.000000000000000e+00;3.000000000000000e-04
4.699999999999998e-11;8.628507860065287e-23;3.000000000000000e-04
4.749999999999998e-11;3.258595946081347e-23;3.000000000000000e-04
4.799999999999998e-11;-2.117582368135751e-22;3.000000000000000e-04
4.849999999999997e-11;2.234376408827492e-23;3.000000000000000e-04
4.899999999999997e-11;2.117582368135751e-22;3.000000000000000e-04
4.949999999999997e-11;-2.556442750249055e-22;3.000000000000000e-04
4.999999999999997e-11;0.000000000000000e+00;3.000000000000000e-04
5.049999999999997e-11;4.999999999999639e-05;3.000000000000000e-04
5.099999999999997e-11;9.999999999999612e-05;3.000000000000000e-04
5.149999999999996e-11;9.999999999999999e-05;2.999999999999999e-04
5.199999999999996e-11;1.000000000000000e-04;3.000000000000000e-04
5.249999999999996e-11;1.000000000000000e-04;3.000000000000000e-04
5.299999999999996e-11;9.999999999999999e-05;3.000000000000000e-04
5.349999999999996e-11;9.999999999999999e-05;3.000000000000000e-04
5.399999999999996e-11;9.999999999999999e-05;3.000000000000000e-04
5.449999999999995e-11;1.000000000000000e-04;3.000000000000000e-04
5.499999999999995e-11;1.000000000000000e-04;3.000000000000000e-04
5.549999999999995e-11;1.000000000000000e-04;3.000000000000000e-04
5.599999999999995e-11;1.000000000000000e-04;3.000000000000000e-04
5.649999999999995e-11;9.999999999999999e-05;3.000000000000000e-04
5.699999999999995e-11;1.000000000000000e-04;3.000000000000000e-04
5.749999999999994e-11;1.000000000000000e-04;3.000000000000000e-04
5.799999999999994e-11;9.999999999999999e-05;2.999999999999999e-04
5.849999999999994e-11;9.999999999999999e-05;3.000000000000000e-04
5.899999999999994e-11;1.000000000000000e-04;3.000000000000000e-04
5.949999999999994e-11;1.000000000000000e-04;3.000000000000000e-04
5.999999999999993e-11;1.000000000000000e-04;2.999999999999999e-04
6.049999999999993e-11;1.499999999999930e-04;3.000000000000000e-04
6.099999999999993e-11;1.999999999999932e-04;3.000000000000000e-04
6.149999999999993e-11;1.500000000000074e-04;3.000000000000000e-04
6.199999999999993e-11;1.000000000000078e-04;2.999999999999999e-04
6.249999999999993e-11;1.000000000000000e-04;3.000000000000000e-04
6.299999999999992e-11;1.000000000000000e-04;3.000000000000000e-04
6.349999999999992e-11;1.000000000000000e-04;2.999999999999999e-04
6.399999999999992e-11;1.000000000000000e-04;2.999999999999999e-04
6.449999999999992e-11;1.000000000000000e-04;3.000000000000000e-04
6.499999999999992e-11;1.000000000000000e-04;3.000000000000000e-04
6.549999999999992e-11;9.999999999999999e-05;2.999999999999999e-04
6.599999999999991e-11;9.999999999999999e-05;3.000000000000000e-04
6.649999999999991e-11;1.000000000000000e-04;3.000000000000000e-04
6.699999999999991e-11;1.000000000000000e-04;3.000000000000000e-04
6.749999999999991e-11;1.000000000000000e-04;3.000000000000000e-04
6.799999999999991e-11;1.000000000000000e-04;2.999999999999999e-04
6.849999999999991e-11;1.000000000000000e-04;3.000000000000000e-04
6.899999999999990e-11;1.000000000000000e-04;3.000000000000000e-04
6.949999999999990e-11;9.999999999999999e-05;3.000000000000000e-04
6.999999999999990e-11;1.000000000000000e-04;3.000000000000000e-04
7.049999999999990e-11;1.000000000000000e-04;3.000000000000000e-04
7.099999999999990e-11;9.999999999999984e-05;3.000000000000000e-04
7.149999999999990e-11;5.000000000001054e-05;3.000000000000000e-04
7.199999999999989e-11;1.052991655357144e-17;3.000000000000000e-04
7.249999999999989e-11;1.102654373217268e-22;3.000000000000000e-04
7.299999999999989e-11;-2.117582368135751e-22;3.000000000000000e-04
7.349999999999989e-11;2.645065080371861e-22;3.000000000000000e-04
7.399999999999989e-11;-3.747060542146181e-22;3.000000000000000e-04
7.449999999999988e-11;5.208332183933076e-22;3.000000000000000e-04
7.499999999999988e-11;2.550827324854883e-22;3.000000000000000e-04
7.549999999999988e-11;-1.715846188532441e-22;3.000000000000000e-04
7.599999999999988e-11;-5.838081594245934e-23;3.000000000000000e-04
7.649999999999988e-11;-1.394419244307419e-22;3.000000000000000e-04
7.699999999999988e-11;2.117582368135751e-22;3.000000000000000e-04
7.749999999999987e-11;0.000000000000000e+00;3.000000000000000e-04
7.799999999999987e-11;-1.865448465901346e-22;2.999999999999999e-04
7.849999999999987e-11;8.270805303232875e-24;3.000000000000000e-04
7.899999999999987e-11;1.092890850779373e-22;3.000000000000000e-04
7.949999999999987e-11;0.000000000000000e+00;3.000000000000000e-04
7.999999999999987e-11;-7.525610176432240e-23;3.000000000000000e-04
8.049999999999986e-11;0.000000000000000e+00;3.000000000000000e-04
8.099999999999986e-11;5.597742117370700e-23;3.000000000000000e-04
8.149999999999986e-11;-1.811114730064649e-22;3.000000000000000e-04
8.199999999999986e-11;0.000000000000000e+00;3.000000000000000e-04
8.249999999999986e-11;6.882450498273117e-23;3.000000000000000e-04
8.299999999999986e-11;0.000000000000000e+00;3.000000000000000e-04
8.349999999999985e-11;-1.482147992689496e-22;3.000000000000000e-04
8.399999999999985e-11;1.979697463579807e-22;2.999999999999999e-04
8.449999999999985e-11;1.615216156600398e-22;3.000000000000000e-04
8.499999999999985e-11;2.091745178373224e-22;3.000000000000000e-04
8.549999999999985e-11;-9.014809919052494e-24;3.000000000000000e-04
8.599999999999985e-11;2.491455974187940e-24;3.000000000000000e-04
8.649999999999984e-11;1.865090026887663e-23;3.000000000000000e-04
8.699999999999984e-11;1.351768888987672e-22;3.000000000000000e-04
8.749999999999984e-11;1.364556135997542e-22;3.000000000000000e-04
8.799999999999984e-11;0.000000000000000e+00;3.000000000000000e-04
8.849999999999984e-11;0.000000000000000e+00;3.000000000000000e-04
8.899999999999983e-11;0.000000000000000e+00;3.000000000000000e-04
8.949999999999983e-11;2.117582368135751e-22;3.000000000000000e-04
8.999999999999983e-11;-9.983643855950980e-23;3.000000000000000e-04
9.049999999999983e-11;0.000000000000000e+00;3.000000000000000e-04
9.099999999999983e-11;9.046971224835328e-23;3.000000000000000e-04
9.149999999999983e-11;-1.250801204696952e-22;2.999999999999999e-04
9.199999999999982e-11;0.000000000000000e+00;3.000000000000000e-04
9.249999999999982e-11;0.000000000000000e+00;3.000000000000000e-04
9.299999999999982e-11;0.000000000000000e+00;3.000000000000000e-04
9.349999999999982e-11;3.212598724221572e-23;3.000000000000000e-04
9.399999999999982e-11;-2.098365094348188e-23;3.000000000000000e-04
9.449999999999982e-11;-1.702369421117296e-22;3.000000000000000e-04
9.499999999999981e-11;-9.846444886946139e-23;3.000000000000000e-04
9.549999999999981e-11;-5.274828739341040e-23;3.000000000000000e-04
9.599999999999981e-11;3.669840865917246e-22;3.000000000000000e-04
9.649999999999981e-11;-4.386308495038578e-22;3.000000000000000e-04
9.699999999999981e-11;-3.114538048439766e-22;3.000000000000000e-04
9.749999999999981e-11;5.421387069937372e-22;3.000000000000000e-04
9.799999999999980e-11;-2.462215466476279e-22;3.000000000000000e-04
9.849999999999980e-11;9.458620614287834e-22;3.000000000000000e-04
9.899999999999980e-11;-6.028968124748994e-22;3.000000000000000e-04
9.949999999999980e-11;6.018382029606424e-22;3.000000000000000e-04
9.999999999999980e-11;-6.750840498136534e-22;3.000000000000000e-04
1.004999999999998e-10;-1.911774807627219e-21;3.000000000000000e-04
1.009999999999998e-10;-1.347052872715108e-22;3.000000000000000e-04
1.014999999999998e-10;1.932432466615599e-21;3.000000000000000e-04
1.019999999999998e-10;-1.025051956338310e-21;3.000000000000000e-04
1.024999999999998e-10;-8.660194337119183e-22;3.000000000000000e-04
1.029999999999998e-10;-2.406453057058645e-22;3.000000000000000e-04
1.034999999999998e-10;-1.216335958257395e-22;3.000000000000000e-04
1.039999999999998e-10;2.024176059773719e-22;3.000000000000000e-04
1.044999999999998e-10;-2.117582368135751e-22;3.000000000000000e-04
1.049999999999998e-10;2.006578678004773e-22;2.999999999999999e-04
1.054999999999998e-10;1.761143552493314e-22;3.000000000000000e-04
1.059999999999998e-10;-1.229396378234347e-23;3.000000000000000e-04
1.064999999999998e-10;7.151680033704270e-23;3.000000000000000e-04
1.069999999999998e-10;0.000000000000000e+00;2.999999999999999e-04
1.074999999999998e-10;-7.917511268617335e-23;3.000000000000000e-04
1.079999999999998e-10;9.349642804260726e-23;3.000000000000000e-04
1.084999999999998e-10;-1.636253933279868e-22;3.000000000000000e-04
1.089999999999998e-10;-6.869716775281792e-23;3.000000000000000e-04
1.094999999999998e-10;1.331306169915438e-22;3.000000000000000e-04
1.099999999999998e-10;6.795551343365484e-23;3.000000000000000e-04
1.104999999999998e-10;-8.686045661353657e-23;3.000000000000000e-04
1.109999999999998e-10;6.959008937630178e-23;3.000000000000000e-04
1.114999999999998e-10;2.045800319059373e-22;3.000000000000000e-04
1.119999999999998e-10;0.000000000000000e+00;3.000000000000000e-04
1.124999999999998e-10;2.047289270991753e-22;3.000000000000000e-04
1.129999999999998e-10;1.886058111709138e-22;3.000000000000000e-04
1.134999999999998e-10;-5.787808944387076e-23;3.000000000000000e-04
1.139999999999997e-10;0.000000000000000e+00;3.000000000000000e-04
1.144999999999997e-10;-4.830853450720879e-23;3.000000000000000e-04
1.149999999999997e-10;-2.117582368135751e-22;3.000000000000000e-04
1.154999999999997e-10;-2.117582368135751e-22;3.000000000000000e-04
1.159999999999997e-10;0.000000000000000e+00;3.000000000000000e-04
1.164999999999998e-10;-1.738403893017545e-22;3.000000000000000e-04
1.169999999999998e-10;9.102387881489169e-23;2.999999999999999e-04
1.174999999999997e-10;7.760566379585241e-24;2.999999999999999e-04
1.179999999999997e-10;-2.117582368135751e-22;3.000000000000000e-04
1.184999999999997e-10;9.551817098048729e-23;3.000000000000000e-04
1.189999999999997e-10;3.072484994010826e-22;3.000000000000000e-04
1.194999999999997e-10;2.415918440556913e-22;3.000000000000000e-04
1.199999999999997e-10;2.117582368125131e-22;3.000000000000000e-04
1.204999999999997e-10;4.999999999997460e-05;2.999999999999999e-04
1.209999999999997e-10;9.999999999997381e-05;3.000000000000000e-04
1.214999999999997e-10;1.000000000000000e-04;2.999999999999999e-04
1.219999999999997e-10;9.999999999999999e-05;3.000000000000000e-04
1.224999999999997e-10;1.000000000000000e-04;3.000000000000000e-04
1.229999999999997e-10;1.000000000000000e-04;3.000000000000000e-04
1.234999999999997e-10;1.000000000000000e-04;3.000000000000000e-04
1.239999999999997e-10;1.000000000000000e-04;3.000000000000000e-04
1.244999999999997e-10;9.999999999999999e-05;2.999999999999999e-04
1.249999999999997e-10;1.000000000000000e-04;3.000000000000000e-04
1.254999999999997e-10;1.000000000000000e-04;3.000000000000000e-04
1.259999999999997e-10;9.999999999999999e-05;3.000000000000000e-04
1.264999999999997e-10;1.000000000000000e-04;3.000000000000000e-04
1.269999999999997e-10;1.000000000000000e-04;3.000000000000000e-04
1.274999999999997e-10;1.000000000000000e-04;3.000000000000000e-04
1.279999999999997e-10;9.999999999999999e-05;3.000000000000000e-04
1.284999999999997e-10;1.000000000000000e-04;3.000000000000000e-04
1.289999999999997e-10;9.999999999999999e-05;2.999999999999999e-04
1.294999999999997e-10;1.000000000000000e-04;3.000000000000000e-04
1.299999999999997e-10;9.999999999999999e-05;3.000000000000000e-04
1.304999999999997e-10;1.000000000000000e-04;3.000000000000000e-04
1.309999999999997e-10;1.000000000000000e-04;3.000000000000000e-04
1.314999999999997e-10;5.000000000002959e-05;3.000000000000000e-04
1.319999999999997e-10;2.991113550004819e-17;3.000000000000000e-04
1.324999999999997e-10;1.099738268802224e-22;3.000000000000000e-04
1.329999999999997e-10;-8.325261789117963e-22;3.000000000000000e-04
1.334999999999997e-10;1.100372235121279e-21;3.000000000000000e-04
1.339999999999997e-10;-6.167003707543719e-22;3.000000000000000e-04
1.344999999999997e-10;1.915191945048644e-22;3.000000000000000e-04
1.349999999999997e-10;7.484782457362844e-23;3.000000000000000e-04
1.354999999999997e-10;6.175959936398521e-23;3.000000000000000e-04
1.359999999999997e-10;1.664720175780951e-22;3.000000000000000e-04
1.364999999999997e-10;-2.600670503114769e-22;3.000000000000000e-04
1.369999999999997e-10;-1.075114235022215e-22;3.000000000000000e-04
1.374999999999997e-10;-6.048620998485620e-22;3.000000000000000e-04
1.379999999999997e-10;1.568778219640367e-22;3.000000000000000e-04
1.384999999999997e-10;8.380760292266966e-23;3.000000000000000e-04
1.389999999999997e-10;-1.128802072528208e-22;3.000000000000000e-04
1.394999999999997e-10;0.000000000000000e+00;3.000000000000000e-04
1.399999999999997e-10;-1.211151953323032e-22;3.000000000000000e-04
1.404999999999997e-10;3.004317477904091e-23;3.000000000000000e-04
1.409999999999997e-10;2.651991289610941e-23;3.000000000000000e-04
1.414999999999997e-10;-3.990959225288010e-23;3.000000000000000e-04
1.419999999999997e-10;1.555080322947094e-22;3.000000000000000e-04
1.424999999999997e-10;3.803792147802708e-22;3.000000000000000e-04
1.429999999999997e-10;0.000000000000000e+00;3.000000000000000e-04
1.434999999999997e-10;-5.261291396813823e-23;3.000000000000000e-04
1.439999999999997e-10;0.000000000000000e+00;3.000000000000000e-04
1.444999999999997e-10;-2.429692389490478e-22;3.000000000000000e-04
1.449999999999997e-10;0.000000000000000e+00;3.000000000000000e-04
1.454999999999997e-10;0.000000000000000e+00;2.999999999999999e-04
1.459999999999997e-10;0.000000000000000e+00;3.000000000000000e-04
1.464999999999996e-10;9.042349596845519e-23;3.000000000000000e-04
1.469999999999996e-10;0.000000000000000e+00;3.000000000000000e-04
1.474999999999996e-10;2.117582368135751e-22;3.000000000000000e-04
1.479999999999996e-10;7.462365432420466e-23;3.000000000000000e-04
1.484999999999996e-10;-2.117582368135751e-22;3.000000000000000e-04
1.489999999999996e-10;-4.846709243055668e-23;3.000000000000000e-04
1.494999999999996e-10;-1.487288264908090e-22;3.000000000000000e-04
1.499999999999996e-10;1.601032546419987e-22;3.000000000000000e-04
1.504999999999996e-10;-6.597301189181989e-23;3.000000000000000e-04
1.509999999999996e-10;-1.186089121696840e-22;3.000000000000000e-04
1.514999999999996e-10;0.000000000000000e+00;3.000000000000000e-04
1.519999999999996e-10;-2.100718632482776e-22;3.000000000000000e-04
1.524999999999996e-10;-2.197431819914897e-22;3.000000000000000e-04
1.529999999999996e-10;-2.041875360644850e-22;3.000000000000000e-04
1.534999999999996e-10;0.000000000000000e+00;3.000000000000000e-04
1.539999999999996e-10;0.000000000000000e+00;3.000000000000000e-04
1.544999999999996e-10;-7.685737397587033e-23;3.000000000000000e-04
1.549999999999996e-10;0.000000000000000e+00;2.999999999999999e-04
1.554999999999996e-10;-7.371055155796037e-23;3.000000000000000e-04
1.559999999999996e-10;2.117582368135751e-22;2.999999999999999e-04
1.564999999999996e-10;1.405947094107790e-23;3.000000000000000e-04
1.569999999999996e-10;0.000000000000000e+00;3.000000000000000e-04
1.574999999999996e-10;4.627660078080426e-22;3.000000000000000e-04
1.579999999999996e-10;2.732561412544407e-22;3.000000000000000e-04
1.584999999999996e-10;-3.348400558872063e-22;3.000000000000000e-04
1.589999999999996e-10;-5.661164042750843e-22;2.999999999999999e-04
1.594999999999996e-10;1.233924807089730e-21;2.999999999999999e-04
1.599999999999996e-10;1.337679319618863e-21;3.000000000000000e-04
1.604999999999996e-10;-8.932088023270268e-22;3.000000000000000e-04
1.609999999999996e-10;6.157729973065845e-23;3.000000000000000e-04
1.614999999999996e-10;1.807137972818089e-22;2.999999999999999e-04
1.619999999999996e-10;2.589157334541022e-21;3.000000000000000e-04
1.624999999999996e-10;1.314878272277407e-21;3.000000000000000e-04
1.629999999999996e-10;1.272408045734547e-22;3.000000000000000e-04
1.634999999999996e-10;-1.363056395015732e-21;3.000000000000000e-04
1.639999999999996e-10;4.976544244541591e-22;3.000000000000000e-04
1.644999999999996e-10;5.315446762887712e-22;3.000000000000000e-04
1.649999999999996e-10;-2.782993971377452e-22;3.000000000000000e-04
1.654999999999996e-10;-3.139434207805211e-22;2.999999999999999e-04
1.659999999999996e-10;-9.854083904781923e-23;2.999999999999999e-04
1.664999999999996e-10;1.005112985923151e-22;3.000000000000000e-04
1.669999999999996e-10;1.622848700914864e-22;3.000000000000000e-04
1.674999999999996e-10;1.970239331235974e-22;3.000000000000000e-04
1.679999999999996e-10;0.000000000000000e+00;2.999999999999999e-04
1.684999999999996e-10;-1.339742110256213e-22;3.000000000000000e-04
1.689999999999996e-10;3.869804625973459e-23;3.000000000000000e-04
1.694999999999996e-10;1.327048506160382e-22;3.000000000000000e-04
1.699999999999996e-10;0.000000000000000e+00;3.000000000000000e-04
1.704999999999996e-10;2.106319880679674e-23;3.000000000000000e-04
1.709999999999996e-10;-1.885916386751575e-23;3.000000000000000e-04
1.714999999999996e-10;2.812694417165577e-23;3.000000000000000e-04
1.719999999999996e-10;-2.923845583489174e-24;3.000000000000000e-04
1.724999999999996e-10;-5.791721316181636e-23;3.000000000000000e-04
1.729999999999996e-10;-1.151294520673713e-22;3.000000000000000e-04
1.734999999999996e-10;-7.878256258979982e-23;3.000000000000000e-04
1.739999999999996e-10;2.117582368135751e-22;3.000000000000000e-04
1.744999999999996e-10;5.561322475347749e-23;3.000000000000000e-04
1.749999999999996e-10;0.000000000000000e+00;2.999999999999999e-04
1.754999999999995e-10;1.752786984110304e-22;3.000000000000000e-04
1.759999999999995e-10;-2.117582368135751e-22;3.000000000000000e-04
1.764999999999995e-10;-1.493556453571722e-22;3.000000000000000e-04
1.769999999999995e-10;-1.498736529059776e-22;3.000000000000000e-04
1.774999999999995e-10;-1.011841964005218e-22;3.000000000000000e-04
1.779999999999995e-10;2.117582368135751e-22;3.000000000000000e-04
1.784999999999995e-10;-2.073883021637405e-22;3.000000000000000e-04
1.789999999999995e-10;9.115821661577988e-24;3.000000000000000e-04
1.794999999999995e-10;-2.117582368135751e-22;3.000000000000000e-04
1.799999999999995e-10;-3.965580392249680e-34;3.000000000000000e-04
1.804999999999995e-10;4.999999999995277e-05;3.000000000000000e-04
1.809999999999995e-10;9.999999999995313e-05;3.000000000000000e-04
1.814999999999995e-10;1.000000000000000e-04;3.000000000000000e-04
1.819999999999995e-10;1.000000000000000e-04;3.000000000000000e-04
1.824999999999995e-10;9.999999999999999e-05;3.000000000000000e-04
1.829999999999995e-10;1.000000000000000e-04;3.000000000000000e-04
1.834999999999995e-10;1.000000000000000e-04;3.000000000000000e-04
1.839999999999995e-10;9.999999999999999e-05;3.000000000000000e-04
1.844999999999995e-10;1.000000000000000e-04;3.000000000000000e-04
1.849999999999995e-10;1.000000000000000e-04;3.000000000000000e-04
1.854999999999995e-10;9.999999999999999e-05;3.000000000000000e-04
1.859999999999995e-10;1.000000000000000e-04;3.000000000000000e-04
1.864999999999995e-10;1.000000000000000e-04;3.000000000000000e-04
1.869999999999995e-10;9.999999999999999e-05;3.000000000000000e-04
1.874999999999995e-10;1.000000000000000e-04;3.000000000000000e-04
1.879999999999995e-10;9.999999999999999e-05;3.000000000000000e-04
1.884999999999995e-10;1.000000000000000e-04;3.000000000000000e-04
1.889999999999995e-10;1.000000000000000e-04;3.000000000000000e-04
1.894999999999995e-10;9.999999999999999e-05;3.000000000000000e-04
1.899999999999995e-10;9.999999999999999e-05;3.000000000000000e-04
1.904999999999995e-10;1.000000000000000e-04;2.999999999999999e-04
1.909999999999995e-10;1.000000000000000e-04;3.000000000000000e-04
1.914999999999995e-10;5.000000000005044e-05;3.000000000000000e-04
1.919999999999995e-10;5.059128608858421e-17;3.000000000000000e-04
1.924999999999995e-10;0.000000000000000e+00;3.000000000000000e-04
1.929999999999995e-10;0.000000000000000e+00;3.000000000000000e-04
1.934999999999995e-10;-9.366761676209996e-22;2.999999999999999e-04
1.939999999999995e-10;3.262623658543400e-22;2.999999999999999e-04
1.944999999999995e-10;0.000000000000000e+00;3.000000000000000e-04
1.949999999999995e-10;5.874281507000290e-22;3.000000000000000e-04
1.954999999999995e-10;3.792950117339533e-22;3.000000000000000e-04
1.959999999999995e-10;2.103603790380785e-22;3.000000000000000e-04
1.964999999999995e-10;1.503185878966422e-22;3.000000000000000e-04
1.969999999999995e-10;-5.056548750241611e-22;3.000000000000000e-04
1.974999999999995e-10;2.117582368135751e-22;2.999999999999999e-04
1.979999999999995e-10;-5.070222694878221e-22;3.000000000000000e-04
1.984999999999995e-10;-4.317208306998232e-22;3.000000000000000e-04
1.989999999999995e-10;2.417194328339987e-23;3.000000000000000e-04
1.994999999999995e-10;3.832655796884980e-22;3.000000000000000e-04
1.999999999999995e-10;0.000000000000000e+00;3.000000000000000e-04
2.004999999999995e-10;0.000000000000000e+00;3.000000000000000e-04
2.009999999999995e-10;-7.717644527821611e-23;3.000000000000000e-04
2.014999999999995e-10;-1.067772917484189e-22;3.000000000000000e-04
2.019999999999995e-10;-1.245034700664112e-22;3.000000000000000e-04
2.024999999999995e-10;-1.978218937110786e-22;3.000000000000000e-04
2.029999999999995e-10;3.903916320481839e-22;3.000000000000000e-04
2.034999999999995e-10;-2.117582368135751e-22;3.000000000000000e-04
2.039999999999995e-10;2.413233642882299e-23;3.000000000000000e-04
2.044999999999994e-10;-2.117582368135751e-22;3.000000000000000e-04
2.049999999999994e-10;-2.117582368135751e-22;3.000000000000000e-04
2.054999999999994e-10;3.744452614425919e-22;3.000000000000000e-04
2.059999999999994e-10;-9.113050294162616e-23;3.000000000000000e-04
2.064999999999994e-10;0.000000000000000e+00;3.000000000000000e-04
2.069999999999994e-10;2.093533973192258e-22;3.000000000000000e-04
2.074999999999994e-10;0.000000000000000e+00;3.000000000000000e-04
2.079999999999994e-10;-1.300103868848768e-22;3.000000000000000e-04
2.084999999999994e-10;-9.248161402736590e-23;3.000000000000000e-04
2.089999999999994e-10;0.000000000000000e+00;3.000000000000000e-04
2.094999999999994e-10;8.474775755366562e-23;3.000000000000000e-04
2.099999999999994e-10;2.117582368135751e-22;3.000000000000000e-04
2.104999999999994e-10;2.893860489378385e-23;2.999999999999999e-04
2.109999999999994e-10;-3.550784831790954e-22;2.999999999999999e-04
2.114999999999994e-10;2.117582368135751e-22;3.000000000000000e-04
2.119999999999994e-10;4.691231311685711e-23;3.000000000000000e-04
2.124999999999994e-10;-1.067024226600910e-22;3.000000000000000e-04
2.129999999999994e-10;-1.646294989878120e-22;3.000000000000000e-04
2.134999999999994e-10;2.552299750537063e-23;3.000000000000000e-04
2.139999999999994e-10;-2.117582368135751e-22;3.000000000000000e-04
2.144999999999994e-10;0.000000000000000e+00;3.000000000000000e-04
2.149999999999994e-10;-1.918709854263690e-22;3.000000000000000e-04
2.154999999999994e-10;0.000000000000000e+00;3.000000000000000e-04
2.159999999999994e-10;2.117582368135751e-22;3.000000000000000e-04
2.164999999999994e-10;9.577667496656816e-23;3.000000000000000e-04
2.169999999999994e-10;-1.480921225102508e-23;3.000000000000000e-04
2.174999999999994e-10;0.000000000000000e+00;3.000000000000000e-04
2.179999999999994e-10;2.109509641096034e-22;2.999999999999999e-04
2.184999999999994e-10;5.331568701090339e-22;3.000000000000000e-04
2.189999999999994e-10;1.149752480634933e-22;3.000000000000000e-04
2.194999999999994e-10;4.732258185561644e-23;3.000000000000000e-04
2.199999999999994e-10;7.263371501087705e-23;3.000000000000000e-04
2.204999999999994e-10;-5.924793212341445e-22;3.000000000000000e-04
2.209999999999994e-10;4.721467415432818e-22;3.000000000000000e-04
2.214999999999994e-10;4.235164736271502e-22;3.000000000000000e-04
2.219999999999994e-10;2.117582368135751e-22;3.000000000000000e-04
2.224999999999994e-10;-6.489155876124440e-22;3.000000000000000e-04
2.229999999999994e-10;8.069839017048422e-22;3.000000000000000e-04
2.234999999999994e-10;8.473690709058748e-22;3.000000000000000e-04
2.239999999999994e-10;1.329788266996373e-21;3.000000000000000e-04
2.244999999999994e-10;7.696172842139892e-22;3.000000000000000e-04
2.249999999999994e-10;1.058791184067875e-21;3.000000000000000e-04
2.254999999999994e-10;1.359518306038046e-21;3.000000000000000e-04
2.259999999999994e-10;9.065998050245785e-23;3.000000000000000e-04
2.264999999999994e-10;6.764039879129466e-22;3.000000000000000e-04
2.269999999999994e-10;-5.009347804328027e-23;3.000000000000000e-04
2.274999999999994e-10;0.000000000000000e+00;3.000000000000000e-04
2.279999999999994e-10;0.000000000000000e+00;3.000000000000000e-04
2.284999999999994e-10;0.000000000000000e+00;3.000000000000000e-04
2.289999999999994e-10;-2.131009469748685e-22;3.000000000000000e-04
2.294999999999994e-10;1.493341664099726e-22;3.000000000000000e-04
2.299999999999994e-10;2.117582368135751e-22;3.000000000000000e-04
2.304999999999994e-10;-2.117582368135751e-22;3.000000000000000e-04
2.309999999999994e-10;0.000000000000000e+00;3.000000000000000e-04
2.314999999999994e-10;0.000000000000000e+00;3.000000000000000e-04
2.319999999999994e-10;0.000000000000000e+00;3.000000000000000e-04
2.324999999999994e-10;-3.746793180475871e-22;3.000000000000000e-04
2.329999999999994e-10;0.000000000000000e+00;3.000000000000000e-04
2.334999999999993e-10;-1.926235191415276e-22;3.000000000000000e-04
2.339999999999993e-10;1.672544428674057e-22;3.000000000000000e-04
2.344999999999993e-10;1.160087908378343e-22;3.000000000000000e-04
2.349999999999993e-10;3.272617279877914e-24;2.999999999999999e-04
2.354999999999993e-10;1.176922944242135e-22;3.000000000000000e-04
2.359999999999993e-10;-1.718566197614791e-23;3.000000000000000e-04
2.364999999999993e-10;-4.113162505960542e-23;3.000000000000000e-04
2.369999999999993e-10;1.708525748343364e-22;2.999999999999999e-04
2.374999999999993e-10;3.363364135054195e-22;3.000000000000000e-04
2.379999999999993e-10;-2.117582368135751e-22;3.000000000000000e-04
2.384999999999993e-10;-1.333285603762899e-22;2.999999999999999e-04
2.389999999999993e-10;-1.253862629725447e-22;3.000000000000000e-04
2.394999999999993e-10;0.000000000000000e+00;3.000000000000000e-04
2.399999999999993e-10;1.906763376526200e-22;3.000000000000000e-04
2.404999999999993e-10;0.000000000000000e+00;3.000000000000000e-04
2.409999999999993e-10;-3.041300077990202e-23;2.999999999999999e-04
2.414999999999993e-10;-2.117582368135751e-22;3.000000000000000e-04
2.419999999999993e-10;1.326719297510203e-22;3.000000000000000e-04
2.424999999999993e-10;-9.343247537734775e-23;2.999999999999999e-04
2.429999999999993e-10;-1.713669492595588e-22;3.000000000000000e-04
2.434999999999993e-10;-9.445591921812221e-23;3.000000000000000e-04
2.439999999999993e-10;1.367374369069171e-22;3.000000000000000e-04
2.444999999999993e-10;3.080870310743898e-22;3.000000000000000e-04
2.449999999999993e-10;-3.385303673872268e-22;3.000000000000000e-04
2.454999999999993e-10;1.032053426698862e-22;3.000000000000000e-04
2.459999999999993e-10;5.657276476369048e-22;3.000000000000000e-04
2.464999999999993e-10;6.225291147527139e-23;3.000000000000000e-04
2.469999999999993e-10;-1.497213945670765e-21;3.000000000000000e-04
2.474999999999993e-10;1.458211919287776e-21;3.000000000000000e-04
2.479999999999993e-10;2.099304303177886e-21;3.000000000000000e-04
2.484999999999993e-10;1.954119351853505e-22;3.000000000000000e-04
2.489999999999993e-10;9.109329647604926e-22;3.000000000000000e-04
2.494999999999993e-10;6.778078017283787e-22;3.000000000000000e-04
2.499999999999993e-10;-3.526959146273598e-22;2.999999999999999e-04
2.504999999999993e-10;3.524759827866453e-22;3.000000000000000e-04
2.509999999999993e-10;-3.013907636662803e-23;3.000000000000000e-04
2.514999999999993e-10;-1.404400381283223e-22;3.000000000000000e-04
2.519999999999993e-10;0.000000000000000e+00;3.000000000000000e-04
2.524999999999993e-10;-2.090351389440001e-22;3.000000000000000e-04
2.529999999999993e-10;0.000000000000000e+00;3.000000000000000e-04
2.534999999999993e-10;8.955708055859172e-23;3.000000000000000e-04
2.539999999999993e-10;5.221277996957848e-23;3.000000000000000e-04
2.544999999999993e-10;8.516132856767457e-23;2.999999999999999e-04
2.549999999999993e-10;2.117582368135751e-22;3.000000000000000e-04
2.554999999999993e-10;0.000000000000000e+00;3.000000000000000e-04
2.559999999999993e-10;0.000000000000000e+00;3.000000000000000e-04
2.564999999999993e-10;-1.904563771742656e-22;3.000000000000000e-04
2.569999999999993e-10;-1.510061244309120e-23;3.000000000000000e-04
2.574999999999993e-10;2.795035411295986e-22;3.000000000000000e-04
2.579999999999993e-10;0.000000000000000e+00;3.000000000000000e-04
2.584999999999993e-10;1.161385222765922e-22;3.000000000000000e-04
2.589999999999993e-10;1.747624988496486e-22;3.000000000000000e-04
2.594999999999993e-10;4.828495218869343e-23;3.000000000000000e-04
2.599999999999993e-10;-3.084973697202891e-23;3.000000000000000e-04
2.604999999999993e-10;-2.486291591138351e-23;3.000000000000000e-04
2.609999999999993e-10;0.000000000000000e+00;3.000000000000000e-04
2.614999999999993e-10;0.000000000000000e+00;3.000000000000000e-04
2.619999999999993e-10;1.032477080966054e-22;2.999999999999999e-04
2.624999999999992e-10;4.118909444012276e-24;3.000000000000000e-04
2.629999999999992e-10;-9.253411512551668e-23;2.999999999999999e-04
2.634999999999992e-10;5.456421654349680e-24;2.999999999999999e-04
2.639999999999992e-10;1.182068055734292e-22;3.000000000000000e-04
2.644999999999992e-10;4.469893147418726e-23;3.000000000000000e-04
2.649999999999992e-10;1.732283522578683e-22;3.000000000000000e-04
2.654999999999992e-10;7.085018275706480e-23;3.000000000000000e-04
2.659999999999992e-10;-2.117582368135751e-22;3.000000000000000e-04
2.664999999999992e-10;1.622312955181888e-22;3.000000000000000e-04
2.669999999999992e-10;0.000000000000000e+00;3.000000000000000e-04
2.674999999999992e-10;2.878429517315640e-22;3.000000000000000e-04
2.679999999999992e-10;1.849534993875778e-22;3.000000000000000e-04
2.684999999999992e-10;-2.586836622552638e-22;3.000000000000000e-04
2.689999999999992e-10;-7.387219280330692e-22;3.000000000000000e-04
2.694999999999992e-10;1.404912948811557e-21;3.000000000000000e-04
2.699999999999992e-10;-5.104881456470685e-22;3.000000000000000e-04
2.704999999999992e-10;-1.905824131322176e-21;3.000000000000000e-04
2.709999999999992e-10;-2.223643615201761e-21;3.000000000000000e-04
2.714999999999992e-10;-8.955118242341050e-22;3.000000000000000e-04
2.719999999999992e-10;6.965441526934330e-22;3.000000000000000e-04
2.724999999999992e-10;2.297891488838897e-21;3.000000000000000e-04
2.729999999999992e-10;-3.449741322933537e-22;3.000000000000000e-04
2.734999999999992e-10;-7.857887332497754e-23;3.000000000000000e-04
2.739999999999992e-10;-3.275762147509573e-22;3.000000000000000e-04
2.744999999999992e-10;-6.290266941133547e-22;3.000000000000000e-04
2.749999999999992e-10;9.858199365059467e-24;3.000000000000000e-04
2.754999999999992e-10;2.553011624222293e-24;3.000000000000000e-04
2.759999999999992e-10;4.098649300491518e-22;2.999999999999999e-04
2.764999999999992e-10;-1.428377942659309e-22;3.000000000000000e-04
2.769999999999992e-10;-4.938882972659524e-23;3.000000000000000e-04
2.774999999999992e-10;-5.235549774677632e-23;3.000000000000000e-04
2.779999999999992e-10;2.117582368135751e-22;3.000000000000000e-04
2.784999999999992e-10;0.000000000000000e+00;3.000000000000000e-04
2.789999999999992e-10;1.957289369677314e-22;2.999999999999999e-04
2.794999999999992e-10;-1.627653972782386e-22;3.000000000000000e-04
2.799999999999992e-10;0.000000000000000e+00;3.000000000000000e-04
2.804999999999992e-10;0.000000000000000e+00;3.000000000000000e-04
2.809999999999992e-10;0.000000000000000e+00;3.000000000000000e-04
2.814999999999992e-10;-9.676315056014628e-23;3.000000000000000e-04
2.819999999999992e-10;3.592135155850000e-23;3.000000000000000e-04
2.824999999999992e-10;2.034055959395987e-23;2.999999999999999e-04
2.829999999999992e-10;1.789127698898986e-22;2.999999999999999e-04
2.834999999999992e-10;2.117582368135751e-22;3.000000000000000e-04
2.839999999999992e-10;0.000000000000000e+00;3.000000000000000e-04
2.844999999999992e-10;-1.208999951814177e-22;3.000000000000000e-04
2.849999999999992e-10;0.000000000000000e+00;3.000000000000000e-04
2.854999999999992e-10;1.828892691017207e-22;3.000000000000000e-04
2.859999999999992e-10;-1.733628150275105e-22;3.000000000000000e-04
2.864999999999992e-10;-2.117582368135751e-22;3.000000000000000e-04
2.869999999999992e-10;-5.929492523043917e-24;3.000000000000000e-04
2.874999999999992e-10;0.000000000000000e+00;3.000000000000000e-04
2.879999999999992e-10;1.760146300676123e-23;3.000000000000000e-04
2.884999999999992e-10;-1.151116638369781e-22;3.000000000000000e-04
2.889999999999992e-10;0.000000000000000e+00;3.000000000000000e-04
2.894999999999992e-10;-1.370968826914508e-22;3.000000000000000e-04
2.899999999999992e-10;0.000000000000000e+00;3.000000000000000e-04
2.904999999999992e-10;1.694957632310815e-22;3.000000000000000e-04
2.909999999999992e-10;-3.675704614853359e-22;3.000000000000000e-04
2.914999999999991e-10;1.672713162798572e-22;3.000000000000000e-04
2.919999999999991e-10;3.307863125283840e-22;3.000000000000000e-04
2.924999999999991e-10;-9.900870869198274e-23;3.000000000000000e-04
2.929999999999991e-10;-7.745445801615555e-22;3.000000000000000e-04
2.934999999999991e-10;8.576243728726824e-22;3.000000000000000e-04
2.939999999999991e-10;-5.296039122472097e-22;3.000000000000000e-04
2.944999999999991e-10;3.099979545331380e-22;3.000000000000000e-04
2.949999999999991e-10;9.606668609287290e-22;3.000000000000000e-04
2.954999999999991e-10;-1.191300924290847e-21;2.999999999999999e-04
2.959999999999991e-10;-6.143994303030824e-22;3.000000000000000e-04
2.964999999999991e-10;-1.233144329536612e-22;3.000000000000000e-04
2.969999999999991e-10;3.037807889778496e-22;3.000000000000000e-04
2.974999999999991e-10;1.101762084835983e-24;3.000000000000000e-04
2.979999999999991e-10;3.824780091654005e-22;3.000000000000000e-04
2.984999999999991e-10;8.312857430895698e-23;2.999999999999999e-04
2.989999999999991e-10;-2.117582368135751e-22;3.000000000000000e-04
2.994999999999991e-10;0.000000000000000e+00;3.000000000000000e-04
2.999999999999991e-10;-1.295134409819060e-22;3.000000000000000e-04
3.004999999999991e-10;7.715282866687071e-23;3.000000000000000e-04
3.009999999999991e-10;0.000000000000000e+00;3.000000000000000e-04
3.014999999999991e-10;0.000000000000000e+00;3.000000000000000e-04
3.019999999999991e-10;-8.127736840895230e-24;3.000000000000000e-04
3.024999999999991e-10;8.570302072920591e-24;3.000000000000000e-04
3.029999999999991e-10;0.000000000000000e+00;3.000000000000000e-04
3.034999999999991e-10;1.943272597471068e-22;3.000000000000000e-04
3.039999999999991e-10;-2.117582368135751e-22;2.999999999999999e-04
3.044999999999991e-10;4.962604020626077e-23;3.000000000000000e-04
3.049999999999991e-10;2.117582368135751e-22;3.000000000000000e-04
3.054999999999991e-10;-2.117582368135751e-22;3.000000000000000e-04
3.059999999999991e-10;-3.016271269232126e-23;3.000000000000000e-04
3.064999999999991e-10;8.650465347931728e-23;3.000000000000000e-04
3.069999999999991e-10;-1.093077924550839e-22;3.000000000000000e-04
3.074999999999991e-10;2.117582368135751e-22;2.999999999999999e-04
3.079999999999991e-10;1.048424889273226e-22;3.000000000000000e-04
3.084999999999991e-10;0.000000000000000e+00;3.000000000000000e-04
3.089999999999991e-10;0.000000000000000e+00;3.000000000000000e-04
3.094999999999991e-10;-1.319118494714889e-22;3.000000000000000e-04
3.099999999999991e-10;2.117582368135751e-22;3.000000000000000e-04
3.104999999999991e-10;-3.597169421655811e-22;3.000000000000000e-04
3.109999999999991e-10;-7.302432903981618e-23;3.000000000000000e-04
3.114999999999991e-10;7.516740743511489e-23;3.000000000000000e-04
3.119999999999991e-10;2.781199174621833e-23;3.000000000000000e-04
3.124999999999991e-10;-1.856347831662408e-22;3.000000000000000e-04
3.129999999999991e-10;2.117582368135751e-22;3.000000000000000e-04
3.134999999999991e-10;2.028020998605883e-22;3.000000000000000e-04
3.139999999999991e-10;1.596838061942828e-22;3.000000000000000e-04
3.144999999999991e-10;-3.146784065127719e-22;3.000000000000000e-04
3.149999999999991e-10;-4.601111518678958e-23;3.000000000000000e-04
3.154999999999991e-10;-1.775747666295239e-23;3.000000000000000e-04
3.159999999999991e-10;-4.663747488841033e-22;3.000000000000000e-04
3.164999999999991e-10;1.136545165440712e-21;2.999999999999999e-04
3.169999999999991e-10;7.859637483986833e-22;3.000000000000000e-04
3.174999999999991e-10;-2.102787928827429e-21;3.000000000000000e-04
3.179999999999991e-10;-2.274200973925343e-21;3.000000000000000e-04
3.184999999999991e-10;5.076672218201772e-22;3.000000000000000e-04
3.189999999999991e-10;3.639726529507371e-22;3.000000000000000e-04
3.194999999999991e-10;1.032318974777108e-22;3.000000000000000e-04
3.199999999999991e-10;-2.073202172156290e-22;3.000000000000000e-04
3.204999999999990e-10;8.496725116690345e-22;3.000000000000000e-04
3.209999999999990e-10;1.046491272648492e-21;2.999999999999999e-04
3.214999999999990e-10;-1.443800164528183e-22;3.000000000000000e-04
3.219999999999990e-10;-2.016533317655653e-22;3.000000000000000e-04
3.224999999999990e-10;2.626405287850295e-22;2.999999999999999e-04
3.229999999999990e-10;0.000000000000000e+00;2.999999999999999e-04
3.234999999999990e-10;0.000000000000000e+00;3.000000000000000e-04
3.239999999999990e-10;-6.211444078092139e-23;3.000000000000000e-04
3.244999999999990e-10;-2.000769562326920e-22;3.000000000000000e-04
3.249999999999990e-10;0.000000000000000e+00;3.000000000000000e-04
