time units=S;v(100) units=V;v(101) units=V;v(102) units=V;v(103) units=V;v(104) units=V
0.000000000000000e+00;0.000000000000000e+00;3.846670492646806e-05;5.357561866825779e-05;7.862850336748442e-05;2.223201902876058e-05
5.000000000000000e-13;1.260846735611837e-17;7.103277533037129e-02;9.713784893904064e-02;1.492706547599374e-01;4.122973972034658e-02
1.000000000000000e-12;2.763921966445704e-17;2.335117482492659e-01;3.133906207267523e-01;5.000320530313692e-01;1.352693670844626e-01
1.500000000000000e-12;3.238531025481738e-17;4.420282505931956e-01;5.819907202565286e-01;9.641396997809355e-01;2.549284456280704e-01
2.000000000000000e-12;3.238531025481738e-17;6.661376150424165e-01;8.592119426541652e-01;1.490310944289701e+00;3.815959813229139e-01
2.500000000000000e-12;3.238531025481738e-17;8.787602506326804e-01;1.110722504343709e+00;2.045960848708505e+00;4.990143248427568e-01
3.000000000000000e-12;2.134934782628001e-17;1.064378724103561e+00;1.321004697323509e+00;2.639342952939224e+00;5.982899630052992e-01
3.500000000000000e-12;-1.576362429580803e-17;1.217181368240876e+00;1.488194992015188e+00;3.312921205747420e+00;6.768833185592585e-01
4.000000000000000e-12;-6.723840766907298e-17;1.338184963047033e+00;1.618135707424472e+00;4.121446155728040e+00;7.368272234458321e-01
4.500000000000000e-12;-1.069290320633053e-16;1.432027376985886e+00;1.719295559388034e+00;5.095688541648170e+00;7.824513505641894e-01
5.000000000000000e-12;-1.189963680420038e-16;1.502602067046948e+00;1.798246810611449e+00;6.217562727327083e+00;8.179357375114749e-01
5.500000000000000e-12;-9.643001918196819e-17;1.555670386745476e+00;1.862277617896103e+00;7.366848718114871e+00;8.480245079804165e-01
5.999999999999999e-12;-4.247508468129076e-17;1.596145434066773e+00;1.916969491911990e+00;8.423116109932174e+00;8.762244474506812e-01
6.499999999999999e-12;1.091735783242640e-17;1.628225978285752e+00;1.966586361800563e+00;9.415784842227289e+00;9.044671116330105e-01
6.999999999999999e-12;4.938252776940761e-17;1.655242236111466e+00;2.014107922093329e+00;1.045029248009857e+01;9.333219596536221e-01
7.500000000000000e-12;7.174989391638951e-17;1.678933485349130e+00;2.061516151629151e+00;1.161681490315280e+01;9.628204900701686e-01
8.000000000000000e-12;8.134636815623767e-17;1.701344044490745e+00;2.110602045806719e+00;1.286909495303415e+01;9.925371811674113e-01
8.500000000000000e-12;7.444581055637943e-17;1.723830071582916e+00;2.162813427349408e+00;1.407305476378500e+01;1.022072758190251e+00
9.000000000000000e-12;5.585048344897840e-17;1.747576080685421e+00;2.219525318901045e+00;1.516358197961778e+01;1.051185328254223e+00
9.500000000000000e-12;3.116469385512419e-17;1.773517850933682e+00;2.281901699284497e+00;1.622080576808578e+01;1.079916366980435e+00
9.999999999999999e-12;1.075177281021009e-17;1.802542009367153e+00;2.351333605336059e+00;1.735921235022141e+01;1.108529421695889e+00
1.050000000000000e-11;3.016758576779354e-18;1.835746438013717e+00;2.429860320235640e+00;1.861665705924572e+01;1.137545500415654e+00
1.100000000000000e-11;2.686323406044886e-18;1.873975177435622e+00;2.519176760675985e+00;1.987879244708156e+01;1.167609953138996e+00
1.150000000000000e-11;-5.993976770424261e-18;1.918565725359380e+00;2.622211819665470e+00;2.102932554606827e+01;1.199547130324777e+00
1.200000000000000e-11;-2.428862635607124e-17;1.971106870626760e+00;2.742562061600107e+00;2.209914777981863e+01;1.234306646932723e+00
1.250000000000000e-11;-3.142818646794324e-17;2.033140016350038e+00;2.883717583178367e+00;2.320854357173543e+01;1.272772808855305e+00
1.300000000000000e-11;-2.852374968486398e-17;2.107101679098436e+00;3.050948478463391e+00;2.443364336833353e+01;1.316116271710072e+00
1.350000000000000e-11;-2.088140184630464e-17;2.197108930147717e+00;3.252541311408835e+00;2.572039303051056e+01;1.366144827378812e+00
1.400000000000000e-11;-4.220934254947484e-17;2.307680984587811e+00;3.495935125449906e+00;2.692129549425905e+01;1.424713670232604e+00
1.450000000000000e-11;-7.818145885865411e-17;2.445313894299873e+00;3.789062366889342e+00;2.800877382529232e+01;1.494299076300789e+00
1.500000000000000e-11;-1.030719971534357e-16;2.620410522431952e+00;4.139041246186566e+00;2.909499766378680e+01;1.578575574807721e+00
1.550000000000000e-11;-1.419440452388830e-16;2.842867371894312e+00;4.541020299566735e+00;3.028193170780407e+01;1.680472167633833e+00
1.600000000000000e-11;-1.669339342609165e-16;3.130379607705213e+00;4.983741953198923e+00;3.156182852722581e+01;1.805044599759363e+00
1.650000000000000e-11;-1.600880477943640e-16;3.505909649709967e+00;5.437387537385470e+00;3.280372116661264e+01;1.957984708552931e+00
1.700000000000001e-11;-9.130221063617215e-17;3.991402915971092e+00;5.859689689344808e+00;3.392612489339892e+01;2.144308684118208e+00
1.750000000000001e-11;-8.942557238947903e-18;4.596747988438249e+00;6.215373125394178e+00;3.499631266436419e+01;2.368002493504200e+00
1.800000000000001e-11;9.069177576196255e-17;5.313961543317493e+00;6.476845603068101e+00;3.614562902593502e+01;2.638331935798417e+00
1.850000000000001e-11;2.488091604929407e-16;6.067583114417653e+00;6.654993178651589e+00;3.740535511279227e+01;2.958004632815931e+00
1.900000000000001e-11;4.580926211757185e-16;6.763948575870758e+00;6.766567622511161e+00;3.867640497569347e+01;3.336042530586183e+00
1.950000000000001e-11;6.455155773882725e-16;7.321832123107740e+00;6.838146879377469e+00;3.983805832496525e+01;3.780279474709649e+00
2.000000000000001e-11;6.622187541046837e-16;7.718063842556516e+00;6.895606440010666e+00;4.091463169916847e+01;4.289939654718328e+00
2.050000000000002e-11;5.364596811338240e-16;7.976271570137009e+00;6.957389688364658e+00;4.202275423160798e+01;4.845680214955833e+00
2.100000000000002e-11;3.411430023299116e-16;8.123057808659619e+00;7.035790209212193e+00;4.325033454936059e+01;5.406806103512523e+00
2.150000000000002e-11;1.516257932526100e-16;8.195045657919380e+00;7.135106771067743e+00;4.453746553161535e+01;5.908418220211177e+00
2.200000000000002e-11;-3.226337463647722e-18;8.218027783338318e+00;7.252906994506222e+00;4.574348527693486e+01;6.294344364469196e+00
2.250000000000002e-11;-1.169208072647780e-16;8.209946677483368e+00;7.381877505813057e+00;4.683408495434966e+01;6.538753101178209e+00
2.300000000000002e-11;-1.875776872489350e-16;8.184053315468820e+00;7.511879255776862e+00;4.792068368469486e+01;6.660832816915662e+00
2.350000000000003e-11;-2.132084048959517e-16;8.148693398059812e+00;7.634503012019209e+00;4.910446061532711e+01;6.700933011407068e+00
2.400000000000003e-11;-2.056309826759343e-16;8.108905108753435e+00;7.742861776238930e+00;5.038524164251227e+01;6.697828552720964e+00
2.450000000000003e-11;-1.726325193959417e-16;8.068507562860262e+00;7.833077509695038e+00;5.163019074685006e+01;6.689752851981198e+00
2.500000000000003e-11;-1.211014796908669e-16;8.029863823030640e+00;7.905174226617481e+00;5.275479495301498e+01;6.699944094459531e+00
2.550000000000003e-11;-5.915106839864391e-17;7.994381091050978e+00;7.961188489026925e+00;5.382491310368800e+01;6.736444437961253e+00
2.600000000000003e-11;1.513069568258744e-18;7.963102077957799e+00;8.004123750855726e+00;5.497244679371923e+01;6.796912006818110e+00
2.650000000000003e-11;4.369526524010457e-17;7.936188583653552e+00;8.038595069610825e+00;5.622978106631828e+01;6.870640159463239e+00
2.700000000000004e-11;7.057758327395080e-17;7.914005449780051e+00;8.067838183468240e+00;5.750207755977807e+01;6.947547587294267e+00
2.750000000000004e-11;8.364664823363820e-17;7.896590074213404e+00;8.094932150963118e+00;5.866643126963446e+01;7.018444308215714e+00
2.800000000000004e-11;8.663322800309797e-17;7.883792387352966e+00;8.122042105556611e+00;5.974375337404607e+01;7.078200707379573e+00
2.850000000000004e-11;8.057847215429693e-17;7.875293071011408e+00;8.150382452406799e+00;6.084808451700449e+01;7.125819662502621e+00
2.900000000000004e-11;6.507381161130465e-17;7.871290766328549e+00;8.180816210180668e+00;6.207644451693839e+01;7.161504637100296e+00
2.950000000000004e-11;4.508021090273319e-17;7.871179620932453e+00;8.213430766062988e+00;6.336226142267779e+01;7.189175914754248e+00
3.000000000000004e-11;2.301016904612505e-17;7.874844520867025e+00;8.248351311624749e+00;6.457007126505225e+01;7.211874599592399e+00
3.050000000000004e-11;8.965208688638233e-19;7.882107940824838e+00;8.285667511543629e+00;6.566344459313694e+01;7.232578872484650e+00
3.100000000000004e-11;-1.618126259489040e-17;7.892699643109499e+00;8.325495935922936e+00;6.674899394304795e+01;7.253409873145363e+00
3.150000000000003e-11;-3.050296835055452e-17;7.906386443971395e+00;8.368060393655060e+00;6.792936703899474e+01;7.275423070719170e+00
3.200000000000003e-11;-3.719324587463630e-17;7.923240495459392e+00;8.414001078800396e+00;6.921101662951730e+01;7.299099934005506e+00
3.250000000000003e-11;-3.322689395749774e-17;7.943259075575473e+00;8.464061661203221e+00;7.045859422470495e+01;7.324336860819186e+00
3.300000000000003e-11;-2.807941562017130e-17;7.966441570036114e+00;8.519023413793377e+00;7.158462408559508e+01;7.350749507161867e+00
3.350000000000003e-11;-2.170900181078249e-17;7.993094949359205e+00;8.580183699928918e+00;7.265486630015802e+01;7.378040886892233e+00
3.400000000000002e-11;-1.322212647143633e-17;8.023484544636791e+00;8.648794008012972e+00;7.379950357151911e+01;7.406043161467469e+00
3.450000000000002e-11;-1.131836741964892e-17;8.057980301465278e+00;8.726226303906628e+00;7.505477002461087e+01;7.434832840623422e+00
3.500000000000002e-11;-7.005439584053966e-18;8.097427304996627e+00;8.814886863614689e+00;7.632853162539493e+01;7.464789555987352e+00
3.550000000000002e-11;-5.266985662350616e-18;8.142779927908638e+00;8.917448961605169e+00;7.749541316303299e+01;7.496527862589770e+00
3.600000000000002e-11;-1.867268376481547e-17;8.195220736722316e+00;9.037057653583691e+00;7.857290485032210e+01;7.530845594715952e+00
3.650000000000002e-11;-4.716975161537198e-17;8.256420756242463e+00;9.177902620129347e+00;7.967755345431220e+01;7.568757497173865e+00
3.700000000000001e-11;-5.403650100135469e-17;8.329173976482036e+00;9.346566770682387e+00;8.090240375464441e+01;7.611767771809273e+00
3.750000000000001e-11;-3.854685064118241e-17;8.416024677778351e+00;9.548282628501557e+00;8.218735017907855e+01;7.661196784554472e+00
3.800000000000001e-11;-3.324103108343802e-17;8.521666245344331e+00;9.791650760498666e+00;8.339711837267956e+01;7.719210160186243e+00
3.850000000000001e-11;-2.632027411296644e-17;8.652509640987882e+00;1.008510618620218e+01;8.449298386520906e+01;7.788524487323345e+00
3.900000000000001e-11;-2.632027411296644e-17;8.816308883095427e+00;1.043262116466831e+01;8.557694048616077e+01;7.872071759227200e+00
3.950000000000001e-11;-1.389276118372929e-17;9.022797850434165e+00;1.083192285283756e+01;8.675408463741343e+01;7.973136980201110e+00
4.000000000000000e-11;2.728706551488245e-17;9.291156664750876e+00;1.127272153938940e+01;8.803653757788679e+01;8.097796769384990e+00
4.050000000000000e-11;9.842410554565545e-17;9.639305930117628e+00;1.172280276610030e+01;8.928738009019655e+01;8.250247448587530e+00
4.100000000000000e-11;9.820627339522675e-17;1.009250620391624e+01;1.214024244810832e+01;9.041371839405888e+01;8.436325508356415e+00
4.150000000000000e-11;-5.747275845319350e-17;1.067128561028836e+01;1.248491747625440e+01;9.148468838840792e+01;8.661917547938373e+00
4.200000000000000e-11;-2.343190230890050e-16;1.136267269775885e+01;1.274259089739291e+01;9.262613148412461e+01;8.930512095987197e+00
4.250000000000000e-11;-1.870971920868402e-16;1.211951854242750e+01;1.291639021182004e+01;9.387976651865222e+01;9.248336686962766e+00
4.299999999999999e-11;9.993568188318534e-17;1.284979319910504e+01;1.302353486585148e+01;9.515532628199854e+01;9.625098618125580e+00
4.349999999999999e-11;2.995665182951605e-16;1.345907611071471e+01;1.309306431456977e+01;9.632467063392988e+01;1.006737310553468e+01
4.399999999999999e-11;5.157422918987596e-16;1.390945995074522e+01;1.315079628214154e+01;9.740182538157633e+01;1.057370723689923e+01
4.449999999999999e-11;6.815059570833446e-16;1.420399146952160e+01;1.321586745230670e+01;9.850691622007545e+01;1.112857190479253e+01
4.499999999999999e-11;7.734350264211135e-16;1.438101939182160e+01;1.329936139328953e+01;9.972808383030163e+01;1.168556886828269e+01
4.549999999999999e-11;7.632577876630557e-16;1.447503712424114e+01;1.340424020368963e+01;1.010126261154777e+02;1.218476463026667e+01
4.599999999999998e-11;6.643065817299483e-16;1.451301144880800e+01;1.352770561045105e+01;1.022245312466619e+02;1.256918558465805e+01
4.649999999999998e-11;5.111362155163445e-16;1.451599102012811e+01;1.366156932754379e+01;1.033226078057350e+02;1.281568588252432e+01
4.699999999999998e-11;3.314037882099740e-16;1.449847906475055e+01;1.379597836655739e+01;1.044044568777163e+02;1.294243354380689e+01
4.749999999999998e-11;1.527440279640042e-16;1.446920125949454e+01;1.392218914897123e+01;1.055812856149169e+02;1.298327536933974e+01
4.799999999999998e-11;-7.011750138021954e-18;1.443432445439411e+01;1.403299916607639e+01;1.068615569608386e+02;1.298133307017326e+01
4.849999999999997e-11;-1.333671022017189e-16;1.439796295902806e+01;1.412564957663351e+01;1.081130668519708e+02;1.297452340917718e+01
4.899999999999997e-11;-2.131305881932316e-16;1.436257857814479e+01;1.419957815168097e+01;1.092419973560800e+02;1.298586811115987e+01
4.949999999999997e-11;-2.405466670328610e-16;1.432972933718553e+01;1.425711011656964e+01;1.103143315790783e+02;1.302370299500418e+01
4.999999999999997e-11;-2.237124685110558e-16;1.429999845645683e+01;1.430265827817754e+01;1.114478615974444e+02;1.308328919725359e+01
5.049999999999997e-11;8.297793469158305e-03;1.428147394468855e+01;1.433888064865234e+01;1.127094218941198e+02;1.315790621611939e+01
5.099999999999997e-11;4.957343515826900e-02;1.429549230178857e+01;1.437117925136378e+01;1.139909709593925e+02;1.323525287679762e+01
5.149999999999996e-11;1.431477673404861e-01;1.436300406187155e+01;1.440330047853617e+01;1.151569971272581e+02;1.330653909097265e+01
5.199999999999996e-11;2.656713283038228e-01;1.447106821619865e+01;1.443853629124013e+01;1.162353747599701e+02;1.336752243172896e+01
5.249999999999996e-11;3.966009300296129e-01;1.461115840610928e+01;1.447924562491056e+01;1.173348285741811e+02;1.341727228667363e+01
5.299999999999996e-11;5.173412632039028e-01;1.478104761288262e+01;1.452833014178752e+01;1.185557324141117e+02;1.345646287952074e+01
5.349999999999996e-11;6.169701213571417e-01;1.497908740788091e+01;1.458718239986948e+01;1.198415861293267e+02;1.348908298428453e+01
5.399999999999996e-11;6.898417944607268e-01;1.521140420988490e+01;1.465798590891508e+01;1.210559577974701e+02;1.351860683492612e+01
5.449999999999995e-11;7.349676869548477e-01;1.548958414462152e+01;1.474350649100980e+01;1.221532892303195e+02;1.354848826703516e+01
5.499999999999995e-11;7.556062233410374e-01;1.582879378142600e+01;1.484702743863124e+01;1.232357947455126e+02;1.358141624972205e+01
5.549999999999995e-11;7.566523094325099e-01;1.624462416378347e+01;1.497250826355502e+01;1.244093279157177e+02;1.361909078817390e+01
5.599999999999995e-11;7.422464340094831e-01;1.675875244564612e+01;1.512791328976839e+01;1.256878976268634e+02;1.366325224311736e+01
5.649999999999995e-11;7.178820019834748e-01;1.737715479693855e+01;1.532384209086449e+01;1.269410037761513e+02;1.371546869127893e+01
5.699999999999995e-11;6.887369747842713e-01;1.806828534814813e+01;1.557255372874882e+01;1.280732353206141e+02;1.377730798596850e+01
5.749999999999994e-11;6.589149055921490e-01;1.876152560285042e+01;1.589212598040915e+01;1.291428370409653e+02;1.385154071884209e+01
5.799999999999994e-11;6.316896075443688e-01;1.936993965448740e+01;1.629936822250460e+01;1.302812971602377e+02;1.394158665778679e+01
5.849999999999994e-11;6.089716666616880e-01;1.984698762391469e+01;1.680184924628238e+01;1.315315191750528e+02;1.405117116916023e+01
5.899999999999994e-11;5.921171193362952e-01;2.018065173957094e+01;1.739751222115457e+01;1.328083011308410e+02;1.418676023864302e+01
5.949999999999994e-11;5.814116403624111e-01;2.039907579102791e+01;1.804575350336978e+01;1.339821803042188e+02;1.435524683165398e+01
5.999999999999993e-11;5.761905259003085e-01;2.054272851090277e+01;1.867531142573485e+01;1.350602004724328e+02;1.456170145280583e+01
6.049999999999993e-11;5.845402764638592e-01;2.064805195208916e+01;1.919516542737529e+01;1.361631712103420e+02;1.481729062238918e+01
6.099999999999993e-11;6.292400656889271e-01;2.076591788267203e+01;1.957364262005844e+01;1.373786529489217e+02;1.512104089793399e+01
6.149999999999993e-11;7.213634734844998e-01;2.092419780043836e+01;1.979100135568287e+01;1.386692539453269e+02;1.548557190662710e+01
6.199999999999993e-11;8.138410029550261e-01;2.109957116270300e+01;1.989351840098314e+01;1.398898513655392e+02;1.591037886282170e+01
6.249999999999993e-11;8.666251348909615e-01;2.127516036851148e+01;1.991003957251177e+01;1.409840263544790e+02;1.641013412076576e+01
6.299999999999992e-11;8.831565291212931e-01;2.145802458073317e+01;1.989157435093046e+01;1.420624179060251e+02;1.697107561357850e+01
6.349999999999992e-11;8.687466317583130e-01;2.166143512595516e+01;1.986864439955477e+01;1.432356342339512e+02;1.757259520425393e+01
6.399999999999992e-11;8.330930149129754e-01;2.189954867531108e+01;1.986939723835206e+01;1.445124083744722e+02;1.815663201535241e+01
6.449999999999992e-11;7.849375788295634e-01;2.218722140096356e+01;1.990948489112441e+01;1.457664019822533e+02;1.865346090891654e+01
6.499999999999992e-11;7.317894075759179e-01;2.254301697477854e+01;1.999494505409129e+01;1.468997289365473e+02;1.900878172272479e+01
6.549999999999992e-11;6.801542316597744e-01;2.298292983696238e+01;2.012166540064165e+01;1.479722495793154e+02;1.921484690187318e+01
6.599999999999991e-11;6.344105623409508e-01;2.350806383132289e+01;2.027999762920559e+01;1.491049396915826e+02;1.930651273317851e+01
6.649999999999991e-11;5.976328435160173e-01;2.410428294914672e+01;2.046289670444160e+01;1.503541311029868e+02;1.932594299310859e+01
6.699999999999991e-11;5.717482529458209e-01;2.472214162077182e+01;2.066586011277669e+01;1.516346547523379e+02;1.932160176790823e+01
6.749999999999991e-11;5.565415780932426e-01;2.528625658707542e+01;2.088810052661674e+01;1.528111267401042e+02;1.933187355546763e+01
6.799999999999991e-11;5.508149080189572e-01;2.573619808373240e+01;2.113356397013138e+01;1.538884234159851e+02;1.937609190164285e+01
6.849999999999991e-11;5.529771291275175e-01;2.604097629708383e+01;2.141182726374567e+01;1.549908397787930e+02;1.945997307086117e+01
6.899999999999990e-11;5.603429916396991e-01;2.622011713730759e+01;2.173147905671174e+01;1.562031943818048e+02;1.957467732846783e+01
6.949999999999990e-11;5.709923412347110e-01;2.629459472214328e+01;2.210769737942418e+01;1.574879316177783e+02;1.971168991615073e+01
6.999999999999990e-11;5.828926918737141e-01;2.629671522419348e+01;2.255671916664939e+01;1.587068589099931e+02;1.986193386564491e+01
7.049999999999990e-11;5.943981073433636e-01;2.625912909848346e+01;2.308778591800795e+01;1.598100944757406e+02;2.002084345240737e+01
7.099999999999990e-11;6.044655266677280e-01;2.620894890128043e+01;2.369099325279996e+01;1.608855468148289e+02;2.018907427064580e+01
7.149999999999990e-11;6.037195378027425e-01;2.616283534832012e+01;2.433078859309397e+01;1.620630887886831e+02;2.037367734375233e+01
7.199999999999989e-11;5.679072281479525e-01;2.611447767599957e+01;2.493349982456785e+01;1.633405957781532e+02;2.057928518422270e+01
7.249999999999989e-11;4.759419426723328e-01;2.605926305773023e+01;2.541408760170332e+01;1.645956065037756e+02;2.081607140429523e+01
7.299999999999989e-11;3.506321680123670e-01;2.601194392415025e+01;2.574193212813600e+01;1.657320427816595e+02;2.108585911741503e+01
7.349999999999989e-11;2.139414203188292e-01;2.598311411743156e+01;2.591716937831710e+01;1.668048914267014e+02;2.139281376385501e+01
7.399999999999989e-11;8.480489963621236e-02;2.597552074731223e+01;2.596921910342380e+01;1.679334374744041e+02;2.174080777434229e+01
7.449999999999988e-11;-2.107264845842221e-02;2.598732007450911e+01;2.593531171804771e+01;1.691850057524078e+02;2.213908514087892e+01
7.499999999999988e-11;-9.716703114161539e-02;2.601137851817149e+01;2.586293251985033e+01;1.704643460474553e+02;2.259127615293401e+01
7.549999999999988e-11;-1.408187675162808e-01;2.604150490571974e+01;2.578844746995246e+01;1.716425138256340e+02;2.309910472506468e+01
7.599999999999988e-11;-1.546486616528747e-01;2.607237146531093e+01;2.574152299806604e+01;1.727221875036173e+02;2.364573451250170e+01
7.649999999999988e-11;-1.454602568294458e-01;2.610107905477683e+01;2.573785852454021e+01;1.738227551182868e+02;2.418910997269681e+01
7.699999999999988e-11;-1.201998214078066e-01;2.612688971771724e+01;2.578184242001917e+01;1.750313065849166e+02;2.467665285419767e+01
7.749999999999987e-11;-8.569398216557168e-02;2.615039065337680e+01;2.587082866457532e+01;1.763195065131178e+02;2.505204443024208e+01
7.799999999999987e-11;-4.911097664702321e-02;2.617327727471934e+01;2.599050384909440e+01;1.775410623546607e+02;2.529303712998908e+01
7.849999999999987e-11;-1.565019952934832e-02;2.619719052532231e+01;2.612363997780275e+01;1.786438819047422e+02;2.541706021441978e+01
7.899999999999987e-11;1.084588505199823e-02;2.622341642206247e+01;2.625448568380263e+01;1.797213702578183e+02;2.545688384917602e+01
7.949999999999987e-11;2.917184975092055e-02;2.625222130571830e+01;2.637201083948494e+01;1.808922730764707e+02;2.545996555848270e+01
7.999999999999987e-11;3.910250404765136e-02;2.628338043592996e+01;2.647049434675424e+01;1.821646604368983e+02;2.545838731531556e+01
8.049999999999986e-11;4.132956513602198e-02;2.631620249465634e+01;2.654784332744246e+01;1.834213253774375e+02;2.547445822095273e+01
8.099999999999986e-11;3.763861630014925e-02;2.634962234291333e+01;2.660633818404537e+01;1.845605294877918e+02;2.551596560089369e+01
8.149999999999986e-11;3.011047916756484e-02;2.638260814980355e+01;2.665034413613284e+01;1.856326194630895e+02;2.557893850157812e+01
8.199999999999986e-11;2.061336443964020e-02;2.641424886528865e+01;2.668410371900135e+01;1.867618561889011e+02;2.565456539920720e+01
8.249999999999986e-11;1.094089495443194e-02;2.644389210718712e+01;2.671222296111234e+01;1.880099330355998e+02;2.573163210706477e+01
8.299999999999986e-11;2.355866460820213e-03;2.647122792179376e+01;2.673816767636507e+01;1.892893110949656e+02;2.580178588547822e+01
8.349999999999985e-11;-4.291573037580668e-03;2.649611869771283e+01;2.676427001678765e+01;1.904699381261557e+02;2.586001445070883e+01
8.399999999999985e-11;-8.630582224865437e-03;2.651869168121948e+01;2.679185399749150e+01;1.915516913154224e+02;2.590522987369697e+01
8.449999999999985e-11;-1.077579730448122e-02;2.653930382307032e+01;2.682130816595025e+01;1.926495695790721e+02;2.593955890661783e+01
8.499999999999985e-11;-1.100008623411075e-02;2.655829697673386e+01;2.685260098503631e+01;1.938561727571884e+02;2.596583978431122e+01
8.549999999999985e-11;-9.701306579956008e-03;2.657602924787945e+01;2.688552342548032e+01;1.951452990678882e+02;2.598725956997588e+01
8.599999999999985e-11;-7.493491611168988e-03;2.659298311593133e+01;2.691967676896931e+01;1.963702913529753e+02;2.600697062859420e+01
8.649999999999984e-11;-4.891584239790437e-03;2.660955301555993e+01;2.695485951539611e+01;1.974727045260184e+02;2.602690835370107e+01
8.699999999999984e-11;-2.350460536964308e-03;2.662611969781459e+01;2.699102299715362e+01;1.985508037861658e+02;2.604803195353990e+01
8.749999999999984e-11;-1.625318570926479e-04;2.664298799645382e+01;2.702822974491981e+01;1.997180780090308e+02;2.607039048666398e+01
8.799999999999984e-11;1.486588954849626e-03;2.666043213082042e+01;2.706674303990676e+01;2.009898529572519e+02;2.609369416050633e+01
8.849999999999984e-11;2.508379994711520e-03;2.667873060043248e+01;2.710696228938544e+01;2.022486845339145e+02;2.611741311082978e+01
8.899999999999983e-11;2.940682827026668e-03;2.669811605396668e+01;2.714931589401478e+01;2.033901148943104e+02;2.614102610717527e+01
8.949999999999983e-11;2.891080005813978e-03;2.671878519925790e+01;2.719423691254693e+01;2.044606784816702e+02;2.616423010282297e+01
8.999999999999983e-11;2.468237971898830e-03;2.674109961540224e+01;2.724254762697162e+01;2.055903672665702e+02;2.618690508861884e+01
9.049999999999983e-11;1.844466334305734e-03;2.676521924500662e+01;2.729469606863142e+01;2.068351703879833e+02;2.620922755714543e+01
9.099999999999983e-11;1.143991125355006e-03;2.679149312209355e+01;2.735155657692076e+01;2.081149154897777e+02;2.623148489701079e+01
9.149999999999983e-11;4.781864473417385e-04;2.682034392645720e+01;2.741421606618963e+01;2.092979764909343e+02;2.625410211023773e+01
9.199999999999982e-11;-7.472699921166266e-05;2.685225991246323e+01;2.748396097993425e+01;2.103813380547830e+02;2.627757413032403e+01
9.249999999999982e-11;-4.787506480700660e-04;2.688770618129565e+01;2.756205838797373e+01;2.114760773949590e+02;2.630236103418925e+01
9.299999999999982e-11;-7.144094978732360e-04;2.692760703293007e+01;2.765091139814053e+01;2.126833152372995e+02;2.632907129948732e+01
9.349999999999982e-11;-7.962347832010655e-04;2.697291742056940e+01;2.775305202754411e+01;2.139701384966707e+02;2.635830288225029e+01
9.399999999999982e-11;-7.544345639047350e-04;2.702486521839007e+01;2.787167819580707e+01;2.151966863841608e+02;2.639072898572964e+01
9.449999999999982e-11;-6.252226324168318e-04;2.708535241348635e+01;2.801158114073974e+01;2.163016397532704e+02;2.642730776526276e+01
9.499999999999981e-11;-4.497850958569434e-04;2.715667887426847e+01;2.817823426848351e+01;2.173799707767427e+02;2.646914782676871e+01
9.549999999999981e-11;-2.624193645817943e-04;2.724126212106315e+01;2.837674252843646e+01;2.185435632209854e+02;2.651736509004793e+01
9.599999999999981e-11;-8.905112616475144e-05;2.734353495834017e+01;2.861563583386170e+01;2.198152037402811e+02;2.657396509289313e+01
9.649999999999981e-11;5.040269578350790e-05;2.746975189625553e+01;2.890399138528791e+01;2.210764273072293e+02;2.664163353902715e+01
9.699999999999981e-11;1.471423900444844e-04;2.762745781698065e+01;2.924672886602318e+01;2.222198763336413e+02;2.672332429894768e+01
9.749999999999981e-11;2.002064074985110e-04;2.782705451859729e+01;2.964290481126303e+01;2.232897358567593e+02;2.682272816135124e+01
9.799999999999980e-11;2.124667901779950e-04;2.808691663377672e+01;3.008107619455863e+01;2.244184346063072e+02;2.694575980701516e+01
9.849999999999980e-11;1.951985399058214e-04;2.842151518614828e+01;3.052999930609808e+01;2.256602782759579e+02;2.709559655490465e+01
9.899999999999980e-11;1.570713727605963e-04;2.885602134755754e+01;3.095115351112952e+01;2.269408021048974e+02;2.727838111887977e+01
9.949999999999980e-11;1.085315934749356e-04;2.941165766510982e+01;3.130475753573609e+01;2.281263541653006e+02;2.749963595416014e+01
9.999999999999980e-11;5.870042590129870e-05;3.008739009771962e+01;3.157001299092245e+01;2.292109083220680e+02;2.776456647063388e+01
1.004999999999998e-10;1.392375129832148e-05;3.084065275717047e+01;3.175119528779419e+01;2.303021275250228e+02;2.807758990832697e+01
1.009999999999998e-10;-2.064190906560217e-05;3.158355325893120e+01;3.186121827734807e+01;2.315100682636103e+02;2.845135948232222e+01
1.014999999999998e-10;-4.376085309137878e-05;3.221972081752254e+01;3.193289790534514e+01;2.327950564964616e+02;2.888863763352630e+01
1.019999999999998e-10;-5.522981603977251e-05;3.269689586838571e+01;3.199087923880366e+01;2.340230388097883e+02;2.939165017763747e+01
1.024999999999998e-10;-5.648417751269283e-05;3.301560139152460e+01;3.205558183585622e+01;2.351307852608808e+02;2.994428671968461e+01
1.029999999999998e-10;-5.018406045564471e-05;3.321033995939077e+01;3.213863627025986e+01;2.362088038085379e+02;3.050189284310672e+01
1.034999999999998e-10;-3.916942741084769e-05;3.331847722296256e+01;3.224277535520941e+01;2.373687179604781e+02;3.100750325398627e+01
1.039999999999998e-10;-2.585814504532415e-05;3.336539983458509e+01;3.236630093751609e+01;2.386407098872030e+02;3.140268134201433e+01
1.044999999999998e-10;-1.265671795508017e-05;3.337377509087849e+01;3.250129662665852e+01;2.399045341546501e+02;3.165751034185299e+01
1.049999999999998e-10;-1.251842379942194e-06;3.335982889587500e+01;3.263734361155595e+01;2.410497714750623e+02;3.178847039970014e+01
1.054999999999998e-10;7.296980231233732e-06;3.333313357267659e+01;3.276491064684664e+01;2.421196304279621e+02;3.183107902318465e+01
1.059999999999998e-10;1.266121543004937e-05;3.330042865348972e+01;3.287731545253033e+01;2.432460462418598e+02;3.183146360047867e+01
1.064999999999998e-10;1.508145339877370e-05;3.326572045034841e+01;3.297204650346993e+01;2.444852801407652e+02;3.182501451623424e+01
1.069999999999998e-10;1.490165600295990e-05;3.323151196642586e+01;3.304803197532569e+01;2.457669805198594e+02;3.183491027301336e+01
1.074999999999998e-10;1.283563943959830e-05;3.319946355810178e+01;3.310743880392243e+01;2.469550546992258e+02;3.187089361459442e+01
1.079999999999998e-10;9.662480165725411e-06;3.317047396526817e+01;3.315401850397011e+01;2.480403641035281e+02;3.193011500239442e+01
1.084999999999998e-10;6.061601317151270e-06;3.314502667840493e+01;3.319166658353701e+01;2.491309952903142e+02;3.200377930891732e+01
1.089999999999998e-10;2.622874334901644e-06;3.312359534831446e+01;3.322391182227641e+01;2.503364514884497e+02;3.208111584094125e+01
1.094999999999998e-10;-2.689444515641268e-07;3.310604601076578e+01;3.325407173293043e+01;2.516200781054478e+02;3.215313413666541e+01
1.099999999999998e-10;-2.373771302469856e-06;3.309251943546005e+01;3.328424182790011e+01;2.528497521656572e+02;3.221437791292259e+01
1.104999999999998e-10;-3.616553785024292e-06;3.308301363465494e+01;3.331584553152370e+01;2.539601138670822e+02;3.226306382312356e+01
1.109999999999998e-10;-4.076481601312168e-06;3.307739276834454e+01;3.334957620672954e+01;2.550372762246471e+02;3.230070134778052e+01
1.114999999999998e-10;-3.908262424334178e-06;3.307547751412618e+01;3.338567070738578e+01;2.561935670799801e+02;3.233017286528094e+01
1.119999999999998e-10;-3.261330227677601e-06;3.307748097223088e+01;3.342446798822722e+01;2.574661121367502e+02;3.235429141596241e+01
1.124999999999998e-10;-2.364107216692990e-06;3.308314375735604e+01;3.346597687717917e+01;2.587319644261227e+02;3.237635488947806e+01
1.129999999999998e-10;-1.394280590597562e-06;3.309250385947625e+01;3.351052475346138e+01;2.598785763311643e+02;3.239848344198870e+01
1.134999999999998e-10;-5.017555295994780e-07;3.310560857438151e+01;3.355864606568896e+01;2.609494692418605e+02;3.242196470445999e+01
1.139999999999997e-10;2.231276757115920e-07;3.312236117238368e+01;3.361088776550758e+01;2.620732018951321e+02;3.244717508961514e+01
1.144999999999997e-10;7.367117412822329e-07;3.314285283129731e+01;3.366806589793402e+01;2.633102071655475e+02;3.247406414630327e+01
1.149999999999997e-10;1.019226947083421e-06;3.316747595899003e+01;3.373157483898433e+01;2.645934651570250e+02;3.250245263284638e+01
1.154999999999997e-10;1.095713543218362e-06;3.319656279534687e+01;3.380287184547938e+01;2.657840644015638e+02;3.253207323835755e+01
1.159999999999997e-10;1.012945450515717e-06;3.323054286753783e+01;3.388359471720833e+01;2.668696704399756e+02;3.256283824185935e+01
1.164999999999998e-10;8.194769632076320e-07;3.327032948839574e+01;3.397636460544346e+01;2.679607176903606e+02;3.259498991289722e+01
1.169999999999998e-10;5.714994782892590e-07;3.331690788273314e+01;3.408400435633158e+01;2.691624883788759e+02;3.262902630887579e+01
1.174999999999997e-10;3.142571445202415e-07;3.337149247552234e+01;3.420974701558342e+01;2.704452292137253e+02;3.266567037275897e+01
1.179999999999997e-10;8.324438465960502e-08;3.343620072918141e+01;3.435873627126874e+01;2.716768286138791e+02;3.270607222823377e+01
1.184999999999997e-10;-9.792093296945376e-08;3.351374286270240e+01;3.453705927110845e+01;2.727895979966406e+02;3.275167812979917e+01
1.189999999999997e-10;-2.201722238868269e-07;3.360738133824979e+01;3.475106427286108e+01;2.738653640619286e+02;3.280411045352263e+01
1.194999999999997e-10;-2.830238244003652e-07;3.372182632376456e+01;3.500840226620270e+01;2.750209658160776e+02;3.286547964237230e+01
1.199999999999997e-10;-2.926001477509128e-07;3.386438936581062e+01;3.531772537473282e+01;2.762916543291266e+02;3.293877905706022e+01
1.204999999999997e-10;8.311863278778241e-03;3.405376032969544e+01;3.568568888765836e+01;2.775556200568662e+02;3.302830183561770e+01
1.209999999999997e-10;4.945588542038859e-02;3.432031594712925e+01;3.610232004206763e+01;2.787068402490866e+02;3.313633507533159e+01
1.214999999999997e-10;1.431104565555325e-01;3.471622893005853e+01;3.655465332461463e+01;2.797743976413830e+02;3.327116729924815e+01
1.219999999999997e-10;2.652521381436577e-01;3.524288178332689e+01;3.700580599595314e+01;2.808883968139644e+02;3.343393157702535e+01
1.224999999999997e-10;3.963618929707060e-01;3.593339165969239e+01;3.741414342114077e+01;2.821275327421912e+02;3.363427355849223e+01
1.229999999999997e-10;5.174478954576243e-01;3.676099966010846e+01;3.774929130243749e+01;2.834113171196171e+02;3.387541978435387e+01
1.234999999999997e-10;6.170688451943851e-01;3.765058375440273e+01;3.799774058455759e+01;2.846049238767294e+02;3.416466608641569e+01
1.239999999999997e-10;6.893881385326224e-01;3.847596900196346e+01;3.816752760563100e+01;2.856899711708357e+02;3.451084514890058e+01
1.244999999999997e-10;7.346841866514267e-01;3.915363370033272e+01;3.828240041141012e+01;2.867818689600639e+02;3.492101400696311e+01
1.249999999999997e-10;7.561002744642216e-01;3.967821280662794e+01;3.836623046060192e+01;2.879755303170901e+02;3.539839072029671e+01
1.254999999999997e-10;7.567535544072888e-01;4.008042656357240e+01;3.843954967975712e+01;2.892604112742955e+02;3.594115067688537e+01
1.259999999999997e-10;7.421294137011065e-01;4.041663351315073e+01;3.852058192610068e+01;2.904959568388578e+02;3.651951265007826e+01
1.264999999999997e-10;7.178885567998845e-01;4.073665741951894e+01;3.862035329457576e+01;2.916108696077732e+02;3.707635099673512e+01
1.269999999999997e-10;6.887412966534123e-01;4.108050458166234e+01;3.874455577357429e+01;2.926831774804060e+02;3.754326575805855e+01
1.274999999999997e-10;6.589993483591765e-01;4.148064463698544e+01;3.889242898753766e+01;2.938403261112967e+02;3.787671496007536e+01
1.279999999999997e-10;6.316569584747350e-01;4.195647476804028e+01;3.905983761560655e+01;2.951043280103700e+02;3.807683559218645e+01
1.284999999999997e-10;6.089794514056184e-01;4.251619708329891e+01;3.924327951325722e+01;2.963707886320892e+02;3.816718919964967e+01
1.289999999999997e-10;5.921708828136030e-01;4.313404856404114e+01;3.944035877433494e+01;2.975243737647243e+02;3.819434173225340e+01
1.294999999999997e-10;5.814010725972283e-01;4.374992297655759e+01;3.965204945677868e+01;2.985989070203963e+02;3.820281273402810e+01
1.299999999999997e-10;5.762515270789291e-01;4.429357494684808e+01;3.988274201196631e+01;2.997133911510193e+02;3.822399709709806e+01
1.304999999999997e-10;5.759949969109918e-01;4.470551289578514e+01;4.014140821003381e+01;3.009502353669307e+02;3.827724620717478e+01
1.309999999999997e-10;5.791522570588481e-01;4.498134244797740e+01;4.043570082510256e+01;3.022365626157061e+02;3.836406879748809e+01
1.314999999999997e-10;5.763124865715579e-01;4.511606446157850e+01;4.078403530531216e+01;3.034273924231196e+02;3.848271833412410e+01
1.319999999999997e-10;5.415684844791722e-01;4.513540653463500e+01;4.119306438345166e+01;3.045136791839749e+02;3.862089155918071e+01
1.324999999999997e-10;4.535168954950050e-01;4.504310847915805e+01;4.168537565046161e+01;3.056000089470940e+02;3.877420876377443e+01
1.329999999999997e-10;3.340568166183255e-01;4.489523090789903e+01;4.225125357262021e+01;3.067906399644244e+02;3.893803807373833e+01
1.334999999999997e-10;2.027283872522272e-01;4.473119410126630e+01;4.287352846853691e+01;3.080768531500115e+02;3.911556774306434e+01
1.339999999999997e-10;7.951185275859024e-02;4.459031899144705e+01;4.349061365651316e+01;3.093169275062784e+02;3.931142548661180e+01
1.344999999999997e-10;-2.155933360776542e-02;4.449990783538453e+01;4.402337727370670e+01;3.104321999328303e+02;3.953237911611993e+01
1.349999999999997e-10;-9.288781843715896e-02;4.447148072531554e+01;4.441149437635052e+01;3.115059348305791e+02;3.978367292188683e+01
1.354999999999997e-10;-1.344780942900874e-01;4.449862573157324e+01;4.464784580749573e+01;3.126580662030888e+02;4.006741434980751e+01
1.359999999999997e-10;-1.482608333184837e-01;4.456980190781410e+01;4.474779998243788e+01;3.139205957027204e+02;4.038783718120728e+01
1.364999999999997e-10;-1.390252199988947e-01;4.466726425045889e+01;4.474658752246756e+01;3.151899564922185e+02;4.075174324283908e+01
1.369999999999997e-10;-1.143265429832736e-01;4.477149979589932e+01;4.469081066906362e+01;3.163468415679324e+02;4.116585244403591e+01
1.374999999999997e-10;-8.143221548781360e-02;4.486829455380811e+01;4.462044147241514e+01;3.174198479231096e+02;4.163416361350805e+01
1.379999999999997e-10;-4.656373965521664e-02;4.494765216268096e+01;4.456840036815148e+01;3.185357771532630e+02;4.215567297897993e+01
1.384999999999997e-10;-1.480410967984658e-02;4.500743653896319e+01;4.455433071316520e+01;3.197672954415063e+02;4.270213770574008e+01
1.389999999999997e-10;1.067981474645832e-02;4.504836033420385e+01;4.458748732907249e+01;3.210507322229417e+02;4.322821239208710e+01
1.394999999999997e-10;2.811417786979069e-02;4.507407086481971e+01;4.466677783652314e+01;3.222501675967647e+02;4.367489318796547e+01
1.399999999999997e-10;3.735311553661739e-02;4.508991392380163e+01;4.478107296025967e+01;3.233411712686836e+02;4.399984117297682e+01
1.404999999999997e-10;3.954206209813947e-02;4.510109209173699e+01;4.491444030004715e+01;3.244274481506521e+02;4.419955740182881e+01
1.409999999999997e-10;3.597117276569078e-02;4.511164742837497e+01;4.505166846708261e+01;3.256185424245386e+02;4.429120672640262e+01
1.414999999999997e-10;2.867357617154054e-02;4.512463507295196e+01;4.517898136731851e+01;3.269020750989695e+02;4.431643373741085e+01
1.419999999999997e-10;1.957600691583017e-02;4.514151306328617e+01;4.528819322341884e+01;3.281429636297284e+02;4.431592636193413e+01
1.424999999999997e-10;1.032492264216376e-02;4.516263779123966e+01;4.537551112377211e+01;3.292610243943189e+02;4.432033704884080e+01
1.429999999999997e-10;2.189574005785271e-03;4.518733419160951e+01;4.544191853567163e+01;3.303354420223146e+02;4.434615545374544e+01
1.434999999999997e-10;-4.164681703884346e-03;4.521440538462307e+01;4.549155293262846e+01;3.314838979122896e+02;4.439515426144170e+01
1.439999999999997e-10;-8.355309212970858e-03;4.524273983979856e+01;4.552825211633228e+01;3.327458628519108e+02;4.446265060853423e+01
1.444999999999997e-10;-1.034207809262330e-02;4.527114667173863e+01;4.555665592124183e+01;3.340175355741735e+02;4.453866701584437e+01
1.449999999999997e-10;-1.048128692570846e-02;4.529867980516845e+01;4.558116945744437e+01;3.351765900113847e+02;4.461274968232753e+01
1.454999999999997e-10;-9.243956594532646e-03;4.532474998390138e+01;4.560482142514459e+01;3.362489154726226e+02;4.467795507819039e+01
1.459999999999997e-10;-7.118656577104997e-03;4.534895460610604e+01;4.562961321223443e+01;3.373642441768326e+02;4.473035543961194e+01
1.464999999999996e-10;-4.647762926201486e-03;4.537138924045457e+01;4.565634342493590e+01;3.385925177596649e+02;4.477103996872061e+01
1.469999999999996e-10;-2.213317245730702e-03;4.539211757494486e+01;4.568530607101099e+01;3.398764784031149e+02;4.480171893627505e+01
1.474999999999996e-10;-1.283533207259342e-04;4.541140245098828e+01;4.571632691454747e+01;3.410783326047428e+02;4.482565426767871e+01
1.479999999999996e-10;1.429747906954763e-03;4.542960573052235e+01;4.574902523287453e+01;3.421708368392276e+02;4.484616637604933e+01
1.484999999999996e-10;2.417308542298538e-03;4.544710709246172e+01;4.578303611461102e+01;3.432539182206598e+02;4.486571275510246e+01
1.489999999999996e-10;2.813554375809097e-03;4.546423589373139e+01;4.581825713302823e+01;3.444456719569129e+02;4.488587765245089e+01
1.494999999999996e-10;2.753955035009600e-03;4.548136416993002e+01;4.585457051885336e+01;3.457270255318888e+02;4.490726062750850e+01
1.499999999999996e-10;2.354193104947810e-03;4.549879607037114e+01;4.589213223836394e+01;3.469691187210419e+02;4.492983409768760e+01
1.504999999999996e-10;1.753486521466141e-03;4.551683034880310e+01;4.593123629945286e+01;3.480899439506657e+02;4.495317222294248e+01
1.509999999999996e-10;1.085309511135367e-03;4.553573109643082e+01;4.597225106870012e+01;3.491645546560221e+02;4.497672419390828e+01
1.514999999999996e-10;4.485158211136778e-04;4.555569844405255e+01;4.601552207130149e+01;3.503092561063473e+02;4.500008211483128e+01
1.519999999999996e-10;-8.322753822327127e-05;4.557702494759109e+01;4.606165605221706e+01;3.515711874968658e+02;4.502300183204018e+01
1.524999999999996e-10;-4.640305302374034e-04;4.560001618799681e+01;4.611134269842411e+01;3.528454134957264e+02;4.504546206179137e+01
1.529999999999996e-10;-6.862497684298882e-04;4.562494085831476e+01;4.616523979923846e+01;3.540064766207835e+02;4.506767559770349e+01
1.534999999999996e-10;-7.602595176406362e-04;4.565220261312128e+01;4.622434571944676e+01;3.550786800653117e+02;4.509000054499261e+01
1.539999999999996e-10;-7.175268253182152e-04;4.568221766247161e+01;4.628974029111912e+01;3.561922394668563e+02;4.511289463859761e+01
1.544999999999996e-10;-5.958128914943279e-04;4.571537624959068e+01;4.636247717460165e+01;3.574175567254103e+02;4.513679437482539e+01
1.549999999999996e-10;-4.279039086320459e-04;4.575246664775587e+01;4.644459225152953e+01;3.587024714701119e+02;4.516225994205877e+01
1.554999999999996e-10;-2.483660924150247e-04;4.579436284581740e+01;4.653839343203835e+01;3.599068259423867e+02;4.518987855517959e+01
1.559999999999996e-10;-8.353289809273341e-05;4.584209383108195e+01;4.664659151611698e+01;3.610004423133182e+02;4.522025801978380e+01
1.564999999999996e-10;4.997974671184646e-05;4.589696577161092e+01;4.677255263862660e+01;3.620826007055178e+02;4.525409113627350e+01
1.569999999999996e-10;1.409367847776355e-04;4.596142796220022e+01;4.692234803402958e+01;3.632723895139443e+02;4.529258803371290e+01
1.574999999999996e-10;1.910473807401216e-04;4.603731746896310e+01;4.710012990043457e+01;3.645520283667977e+02;4.533661738306586e+01
1.579999999999996e-10;2.033619464103043e-04;4.612837730795539e+01;4.731379487102029e+01;3.657956212889585e+02;4.538790959998319e+01
1.584999999999996e-10;1.860559779314359e-04;4.623957145154421e+01;4.757180384162197e+01;3.669190872934190e+02;4.544865495231549e+01
1.589999999999996e-10;1.494797314472199e-04;4.637721590521669e+01;4.788095151409958e+01;3.679933547746097e+02;4.552145036044678e+01
1.594999999999996e-10;1.031944029433493e-04;4.654860441047466e+01;4.824323799420588e+01;3.691342589185998e+02;4.560901421432467e+01
1.599999999999996e-10;5.539649184278725e-05;4.676939450705785e+01;4.865870385741570e+01;3.703968002382173e+02;4.571695145662897e+01
1.604999999999996e-10;1.282654659276445e-05;4.705374379252533e+01;4.910572765094714e+01;3.716714804614321e+02;4.584908159483806e+01
1.609999999999996e-10;-2.029572138547279e-05;4.742427630730274e+01;4.955022421011795e+01;3.728346920577834e+02;4.601114829743528e+01
1.614999999999996e-10;-4.193427323912171e-05;4.790677895074352e+01;4.994785953508128e+01;3.739084518197572e+02;4.620914572881998e+01
1.619999999999996e-10;-5.266702432647497e-05;4.851150264730573e+01;5.026774116895800e+01;3.750197813291219e+02;4.644704985047524e+01
1.624999999999996e-10;-5.405385109553239e-05;4.922328164595835e+01;5.050015438273091e+01;3.762424656202397e+02;4.672947380281651e+01
1.629999999999996e-10;-4.797205546437488e-05;4.998640066263474e+01;5.064983541139537e+01;3.775287460719532e+02;4.706546574457694e+01
1.634999999999996e-10;-3.725300410130570e-05;5.069782506691168e+01;5.074199023056264e+01;3.787356498061941e+02;4.746285727248912e+01
1.639999999999996e-10;-2.453966991150808e-05;5.127580929362735e+01;5.080548692267195e+01;3.798299617943990e+02;4.792592218441987e+01
1.644999999999996e-10;-1.196678724470449e-05;5.168792370989994e+01;5.086405938755899e+01;3.809124943127476e+02;4.845178273864783e+01
1.649999999999996e-10;-1.158045601867201e-06;5.195414995465305e+01;5.093500131273152e+01;3.820987202063429e+02;4.901253966958249e+01
1.654999999999996e-10;7.040235501016046e-06;5.211180182236289e+01;5.102601991460469e+01;3.833771162323106e+02;4.955775541279426e+01
1.659999999999996e-10;1.218491729027245e-05;5.219171881768548e+01;5.113875172715630e+01;3.846224802188336e+02;5.002388161141551e+01
1.664999999999996e-10;1.440410086678145e-05;5.222141907912492e+01;5.126784327429568e+01;3.857484323502659e+02;5.036305614263141e+01
1.669999999999996e-10;1.421938931894401e-05;5.222043208029477e+01;5.140406237693799e+01;3.868218159694885e+02;5.056858319229904e+01
1.674999999999996e-10;1.225841276781218e-05;5.220105668845711e+01;5.153795461811645e+01;3.879619226519906e+02;5.066288257349585e+01
1.679999999999996e-10;9.195258374220471e-06;5.217147190589828e+01;5.166038946571999e+01;3.892222264986086e+02;5.068404874466012e+01
1.684999999999996e-10;5.749058540749166e-06;5.213763257323270e+01;5.176644065979362e+01;3.904966750156175e+02;5.067768176888958e+01
1.689999999999996e-10;2.456994046800919e-06;5.210289572512052e+01;5.185357733829017e+01;3.916622748333182e+02;5.067541701487067e+01
1.694999999999996e-10;-2.809375529160315e-07;5.206948337783912e+01;5.192249484691695e+01;3.927381966818610e+02;5.069566428505134e+01
1.699999999999996e-10;-2.280715214319351e-06;5.203859347527134e+01;5.197662185374945e+01;3.938468663796718e+02;5.074123780775183e+01
1.704999999999996e-10;-3.487204716535468e-06;5.201090851608134e+01;5.201948159258428e+01;3.950672762841457e+02;5.080700987352893e+01
1.709999999999996e-10;-3.916044159012466e-06;5.198702194847286e+01;5.205458446950924e+01;3.963553183937294e+02;5.088359720469102e+01
1.714999999999996e-10;-3.724371958888815e-06;5.196709076091406e+01;5.208573408600878e+01;3.975647925745417e+02;5.095987908148324e+01
1.719999999999996e-10;-3.108183109871469e-06;5.195107907297553e+01;5.211570179114736e+01;3.986593605632892e+02;5.102832740145591e+01
1.724999999999996e-10;-2.245528103251403e-06;5.193924159082941e+01;5.214639227469144e+01;3.997420939407257e+02;5.108435527632410e+01
1.729999999999996e-10;-1.324232349581738e-06;5.193123336882012e+01;5.217882006915786e+01;4.009246854952471e+02;5.112857877639904e+01
1.734999999999996e-10;-4.690843281578081e-07;5.192706048166441e+01;5.221351314342998e+01;4.022023161277273e+02;5.116268695572586e+01
1.739999999999996e-10;2.236560788467589e-07;5.192674313830028e+01;5.225076705825904e+01;4.034496993430204e+02;5.118959788366742e+01
1.744999999999996e-10;7.064415694418876e-07;5.193018099723444e+01;5.229069207065390e+01;4.045779532311923e+02;5.121269942759442e+01
1.749999999999996e-10;9.766147942952344e-07;5.193723300352567e+01;5.233340175228997e+01;4.056499117679325e+02;5.123465365864258e+01
1.754999999999995e-10;1.047551693764404e-06;5.194801688021077e+01;5.237934721371155e+01;4.067905686728605e+02;5.125722863319756e+01
1.759999999999995e-10;9.652817851226040e-07;5.196248397280331e+01;5.242903188125253e+01;4.080474973168372e+02;5.128136256800617e+01
1.764999999999995e-10;7.805260756300537e-07;5.198067565740394e+01;5.248317437923634e+01;4.093221356685127e+02;5.130727224780669e+01
1.769999999999995e-10;5.427294838493860e-07;5.200283072006302e+01;5.254289285535903e+01;4.104902008601568e+02;5.133483795926466e+01
1.774999999999995e-10;2.974460462968570e-07;5.202925326728512e+01;5.260954794818166e+01;4.115678797965161e+02;5.136378022799913e+01
1.779999999999995e-10;7.705374976813981e-08;5.206019910885367e+01;5.268443480442337e+01;4.126734937556383e+02;5.139387624473565e+01
1.784999999999995e-10;-9.759039944738861e-08;5.209627863203124e+01;5.276948624001367e+01;4.138922495582293e+02;5.142516277162579e+01
1.789999999999995e-10;-2.132148112357588e-07;5.213860728600774e+01;5.286777668586106e+01;4.151817574550850e+02;5.145801030392698e+01
1.794999999999995e-10;-2.712788587871396e-07;5.218820702708812e+01;5.298220339659293e+01;4.163942408797888e+02;5.149300182136533e+01
1.799999999999995e-10;-2.794258336643063e-07;5.224663091795093e+01;5.311673542481421e+01;4.174885259447069e+02;5.153103209305802e+01
1.804999999999995e-10;8.723213941552777e-03;5.232422784066461e+01;5.327824488964362e+01;4.185697052152546e+02;5.157360873924144e+01
1.809999999999995e-10;4.971421411531347e-02;5.244339152227413e+01;5.346988283256324e+01;4.197459645123243e+02;5.162166234896038e+01
1.814999999999995e-10;1.428021558852008e-01;5.263354586339454e+01;5.370547624719907e+01;4.210307829202834e+02;5.167825042704067e+01
1.819999999999995e-10;2.656532425544783e-01;5.289272531117975e+01;5.399086242813852e+01;4.222814237237343e+02;5.174537872130063e+01
1.824999999999995e-10;3.963504237620086e-01;5.323085812967746e+01;5.433572421921745e+01;4.234127056459402e+02;5.182679121699911e+01
1.829999999999995e-10;5.173294807669757e-01;5.366402348239760e+01;5.474141265886209e+01;4.244861331984727e+02;5.192638796911892e+01
1.834999999999995e-10;6.168807128054223e-01;5.421997666497093e+01;5.520069169459007e+01;4.256256856513320e+02;5.204990533389494e+01
1.839999999999995e-10;6.894956655051345e-01;5.491664866377280e+01;5.568569550488228e+01;4.268826038815807e+02;5.220345417183555e+01
1.844999999999995e-10;7.351346652088881e-01;5.573261810656935e+01;5.615476622710417e+01;4.281584854559841e+02;5.239270525005517e+01
1.849999999999995e-10;7.558726958564352e-01;5.658945948927179e+01;5.656359154862738e+01;4.293283069454878e+02;5.262495929351957e+01
1.854999999999995e-10;7.562270438021204e-01;5.737098022531012e+01;5.688320388702385e+01;4.304064668839378e+02;5.290738791756625e+01
1.859999999999995e-10;7.419754891014865e-01;5.801064848824004e+01;5.711236212754895e+01;4.315119025833432e+02;5.324538780045369e+01
1.864999999999995e-10;7.179374035138957e-01;5.850227948198378e+01;5.726273314845940e+01;4.327292645794254e+02;5.364675263547429e+01
1.869999999999995e-10;6.887510720843654e-01;5.887801036664388e+01;5.735457954064270e+01;4.340191085864757e+02;5.412184533144641e+01
1.874999999999995e-10;6.588790216107395e-01;5.919190547282558e+01;5.741653899304192e+01;4.352324190497532e+02;5.466679097995244e+01
1.879999999999995e-10;6.315285484977583e-01;5.948841880545693e+01;5.747303195549115e+01;4.363279417384556e+02;5.525599167275389e+01
1.884999999999995e-10;6.090358634686275e-01;5.980480049422759e+01;5.754361127602024e+01;4.374101682226772e+02;5.583262576692204e+01
1.889999999999995e-10;5.921777482711699e-01;6.016834905350464e+01;5.763858769603624e+01;4.385883963978910e+02;5.633110481426451e+01
1.894999999999995e-10;5.813717053259971e-01;6.060265736122432e+01;5.776311244071130e+01;4.398650906142813e+02;5.670017263658913e+01
1.899999999999995e-10;5.763239851947712e-01;6.112205800397343e+01;5.791698091001132e+01;4.411155477073901e+02;5.692283768813738e+01
1.904999999999995e-10;5.760142684476892e-01;6.171372185777549e+01;5.809589110060737e+01;4.422469606310326e+02;5.702710521163122e+01
1.909999999999995e-10;5.791597109051638e-01;6.233340126262090e+01;5.829559911955113e+01;4.433165164101097e+02;5.705967656198288e+01
1.914999999999995e-10;5.763669638667701e-01;6.290015220963716e+01;5.851682884395640e+01;4.444572350717632e+02;5.706449652729550e+01
1.919999999999995e-10;5.412862127048997e-01;6.333606480211209e+01;5.875859021143184e+01;4.457132275011551e+02;5.707974161703398e+01
1.924999999999995e-10;4.536128928521125e-01;6.358309911955170e+01;5.902817352463866e+01;4.469933804666884e+02;5.712726426280069e+01
1.929999999999995e-10;3.334873768612398e-01;6.367308248690011e+01;5.933226021394094e+01;4.481649377526124e+02;5.721062695878115e+01
1.934999999999995e-10;2.027367839551241e-01;6.364303419184833e+01;5.968400214877296e+01;4.492431142495691e+02;5.732621444259681e+01
1.939999999999995e-10;8.020038539908844e-02;6.354195629352802e+01;6.009507547934161e+01;4.503484085996640e+02;5.746439770232196e+01
1.944999999999995e-10;-2.171272210912756e-02;6.340999464612203e+01;6.057590061033319e+01;4.515642580266013e+02;5.761793386340754e+01
1.949999999999995e-10;-9.400815406350360e-02;6.328472027876553e+01;6.113117471986022e+01;4.528531785010236e+02;5.778353634990478e+01
1.954999999999995e-10;-1.351660712083555e-01;6.319639808984716e+01;6.173487305839858e+01;4.540678758937977e+02;5.796211551542137e+01
1.959999999999995e-10;-1.486438491716803e-01;6.316092370278472e+01;6.233097726921191e+01;4.551654874817021e+02;5.815792999820020e+01
1.964999999999995e-10;-1.387607552508189e-01;6.318629523009254e+01;6.284192007055121e+01;4.562463170222715e+02;5.837836647455632e+01
1.969999999999995e-10;-1.142373038494644e-01;6.326055894439780e+01;6.322280326193982e+01;4.574239191336076e+02;5.862639784579397e+01
1.974999999999995e-10;-8.138245615257347e-02;6.337051431580344e+01;6.345719841501410e+01;4.586997203519051e+02;5.890627308183622e+01
1.979999999999995e-10;-4.650606565582066e-02;6.349785118418295e+01;6.355929817349612e+01;4.599511070196239e+02;5.922301124405995e+01
1.984999999999995e-10;-1.474593526532170e-02;6.362392883643270e+01;6.356786718037900e+01;4.610837905399709e+02;5.958226427935322e+01
1.989999999999995e-10;1.079937840594363e-02;6.373556063176460e+01;6.352491338567802e+01;4.621553498273028e+02;5.999024328835138e+01
1.994999999999995e-10;2.817570001223503e-02;6.382382020524181e+01;6.346662195936410e+01;4.632918970542892e+02;6.045527554678971e+01
1.999999999999995e-10;3.743072570180940e-02;6.388668297595842e+01;6.342404418320531e+01;4.645450318471137e+02;6.097244211522952e+01
2.004999999999995e-10;3.950475169779027e-02;6.392596649698906e+01;6.341617019627212e+01;4.658216493536264e+02;6.151938194076938e+01
2.009999999999995e-10;3.590685309761098e-02;6.394591608533869e+01;6.345262165616841e+01;4.669948126848054e+02;6.204941356440715e+01
2.014999999999995e-10;2.861587608386513e-02;6.395280302240011e+01;6.353175947692328e+01;4.680741725821830e+02;6.250233271484376e+01
2.019999999999995e-10;1.957449622559373e-02;6.395311480977901e+01;6.364271322755300e+01;4.691762009529781e+02;6.283954111681874e+01
2.024999999999995e-10;1.030283818378133e-02;6.395200555369230e+01;6.377260618451133e+01;4.703907066912083e+02;6.304785023760461e+01
2.029999999999995e-10;2.110800233155516e-03;6.395391162575821e+01;6.390612639240798e+01;4.716797683812128e+02;6.314411701626987e+01
2.034999999999995e-10;-4.237805065804253e-03;6.396137018507448e+01;6.403030143460067e+01;4.728978380067970e+02;6.317138001686311e+01
2.039999999999995e-10;-8.348772574963607e-03;6.397551771008203e+01;6.413649698938964e+01;4.739947895108868e+02;6.317007192660349e+01
2.044999999999994e-10;-1.029161851300655e-02;6.399589810912119e+01;6.422155626310789e+01;4.750759012029453e+02;6.317283675739303e+01
2.049999999999994e-10;-1.046157755123361e-02;6.402106113267513e+01;6.428717893731798e+01;4.762498065406260e+02;6.319519858429373e+01
2.054999999999994e-10;-9.235099162200553e-03;6.404962613148261e+01;6.433574035669265e+01;4.775252597204442e+02;6.324180827487454e+01
2.059999999999994e-10;-7.121151979912652e-03;6.407990914782519e+01;6.437151105964270e+01;4.787788506644088e+02;6.330790272957098e+01
2.064999999999994e-10;-4.641723673871405e-03;6.411035815044829e+01;6.439946626317304e+01;4.799135795052343e+02;6.338299987558644e+01
2.069999999999994e-10;-2.200070473513129e-03;6.413988623334973e+01;6.442367220038400e+01;4.809831937422807e+02;6.345726459851411e+01
2.074999999999994e-10;-1.280246841812125e-04;6.416759755290872e+01;6.444711597832840e+01;4.821201809383111e+02;6.352256199387546e+01
2.079999999999994e-10;1.432845216013664e-03;6.419328858396908e+01;6.447175549999160e+01;4.833702451582939e+02;6.357615885411271e+01
2.084999999999994e-10;2.405168905204827e-03;6.421682926772382e+01;6.449850846617598e+01;4.846474483996930e+02;6.361750700464773e+01
2.089999999999994e-10;2.810709584409386e-03;6.423835858537248e+01;6.452761791333502e+01;4.858230936222704e+02;6.364864312197999e+01
2.094999999999994e-10;2.748343272548274e-03;6.425820246727787e+01;6.455883906160261e+01;4.869037892427023e+02;6.367291218996037e+01
2.099999999999994e-10;2.355879598353532e-03;6.427678344660856e+01;6.459173006361016e+01;4.880024173527027e+02;6.369358502682158e+01
2.104999999999994e-10;1.754472031439984e-03;6.429444376494476e+01;6.462601844877705e+01;4.892175754199568e+02;6.371307323926651e+01
2.109999999999994e-10;1.083413087539905e-03;6.431162835816843e+01;6.466141861125976e+01;4.905046180843535e+02;6.373310440370386e+01
2.114999999999994e-10;4.463963688793972e-04;6.432870998045719e+01;6.469787687940345e+01;4.917240382613011e+02;6.375436515712963e+01
2.119999999999994e-10;-8.030438838863574e-05;6.434603968703841e+01;6.473553619441569e+01;4.928239106752702e+02;6.377686188434431e+01
2.124999999999994e-10;-4.580241518294271e-04;6.436392780728937e+01;6.477465090580039e+01;4.939048531572232e+02;6.380013998502876e+01
2.129999999999994e-10;-6.835206234480846e-04;6.438260769860351e+01;6.481550229557854e+01;4.950751119970979e+02;6.382367364941586e+01
2.134999999999994e-10;-7.617313784776230e-04;6.440236355522414e+01;6.485859224842444e+01;4.963507435036246e+02;6.384703536965047e+01
2.139999999999994e-10;-7.194381805570034e-04;6.442347943086112e+01;6.490449697399481e+01;4.976068010170968e+02;6.386994826393177e+01
2.144999999999994e-10;-5.958471078841640e-04;6.444619624048970e+01;6.495376679116873e+01;4.987433889882357e+02;6.389239963405250e+01
2.149999999999994e-10;-4.275828093359615e-04;6.447080888570687e+01;6.500711200035116e+01;4.998129042330586e+02;6.391457219988971e+01
2.154999999999994e-10;-2.483687976585310e-04;6.449775000072752e+01;6.506559628818830e+01;5.009479421658959e+02;6.393681876365157e+01
2.159999999999994e-10;-8.354451440349236e-05;6.452727180455346e+01;6.512992423527292e+01;5.021952977112819e+02;6.395954949423248e+01
2.164999999999994e-10;4.935874666989316e-05;6.455997637139025e+01;6.520163627208920e+01;5.034734948061392e+02;6.398325654331902e+01
2.169999999999994e-10;1.410637536924350e-04;6.459653107397133e+01;6.528249505897000e+01;5.046516646321821e+02;6.400847801380419e+01
2.174999999999994e-10;1.908539810570436e-04;6.463772422824444e+01;6.537460025224328e+01;5.057332632384426e+02;6.403576216993991e+01
2.179999999999994e-10;2.041907894898979e-04;6.468436464515293e+01;6.548011264881089e+01;5.068283277617217e+02;6.406561009782070e+01
2.184999999999994e-10;1.862444156063495e-04;6.473849836339794e+01;6.560425293730904e+01;5.080440617725731e+02;6.409907846625461e+01
2.189999999999994e-10;1.495574119099940e-04;6.480129127766196e+01;6.574993988965791e+01;5.093295609965309e+02;6.413676018294467e+01
2.194999999999994e-10;1.030446877235394e-04;6.487540293613500e+01;6.592345939047246e+01;5.105505915629963e+02;6.417993072970161e+01
2.199999999999994e-10;5.540458386138065e-05;6.496440783672654e+01;6.613240750427889e+01;5.116532057309211e+02;6.423024578062277e+01
2.204999999999994e-10;1.311670728166695e-05;6.507267220881967e+01;6.638417508911837e+01;5.127334354618625e+02;6.428962797428538e+01
2.209999999999994e-10;-2.024917380008136e-05;6.520527282128201e+01;6.668437055645252e+01;5.139001128856439e+02;6.436016970993144e+01
2.214999999999994e-10;-4.231342027377397e-05;6.537180911862116e+01;6.704037326860116e+01;5.151764047026870e+02;6.444568648166886e+01
2.219999999999994e-10;-5.300146228006105e-05;6.558499102830160e+01;6.744980696988732e+01;5.164351121275462e+02;6.455062048151076e+01
2.224999999999994e-10;-5.415154437502386e-05;6.585954781280357e+01;6.789441688725391e+01;5.175732970840960e+02;6.467921031791400e+01
2.229999999999994e-10;-4.790061608398526e-05;6.621925269745996e+01;6.834091228898913e+01;5.186428232212996e+02;6.483769289433624e+01
2.234999999999994e-10;-3.721008341989890e-05;6.668506718609062e+01;6.874668454294732e+01;5.197752468156555e+02;6.503046945144436e+01
2.239999999999994e-10;-2.453809944349484e-05;6.727007273241065e+01;6.908044597489572e+01;5.210202778566482e+02;6.526158642867644e+01
2.244999999999994e-10;-1.195974270478556e-05;6.797183811195299e+01;6.932316468574854e+01;5.222998475036179e+02;6.553823041290994e+01
2.249999999999994e-10;-1.123544278523796e-06;6.873337557118185e+01;6.948208018029129e+01;5.234805430332449e+02;6.586717107367375e+01
2.254999999999994e-10;7.060921084972994e-06;6.945757035109949e+01;6.958111534475428e+01;5.245625819655227e+02;6.625535524503870e+01
2.259999999999994e-10;1.222850502686313e-05;7.005744390168388e+01;6.964709530529379e+01;5.256582004058316e+02;6.670921213415257e+01
2.264999999999994e-10;1.441652762199541e-05;7.049037243185472e+01;6.970536909576811e+01;5.268702048669526e+02;6.722799662422096e+01
2.269999999999994e-10;1.422254970578284e-05;7.077681757970694e+01;6.977369672498695e+01;5.281546354297944e+02;6.778664517811278e+01
2.274999999999994e-10;1.223346812466472e-05;7.094645302578583e+01;6.986198844509602e+01;5.293775089706423e+02;6.833815619545084e+01
2.279999999999994e-10;9.181434793611992e-06;7.103461967457247e+01;6.997229690249171e+01;5.304826529840495e+02;6.881692728877110e+01
2.284999999999994e-10;5.750084256980291e-06;7.107046047308603e+01;7.009953296098135e+01;5.315616298014218e+02;6.917543720039110e+01
2.289999999999994e-10;2.445671042369213e-06;7.107344299911210e+01;7.023550583689028e+01;5.327248407345077e+02;6.940199777788450e+01
2.294999999999994e-10;-3.041439215967605e-07;7.105547510042631e+01;7.037031190780935e+01;5.340016694201694e+02;6.950543991885803e+01
2.299999999999994e-10;-2.309785519972584e-06;7.102702268524445e+01;7.049502016415788e+01;5.352624014287233e+02;6.953380987360107e+01
2.304999999999994e-10;-3.488714632395137e-06;7.099358287948549e+01;7.060338476655645e+01;5.364017797297092e+02;6.952844468645633e+01
2.309999999999994e-10;-3.898499326450717e-06;7.095895264519172e+01;7.069264505614541e+01;5.374726454171164e+02;6.952467192639558e+01
2.314999999999994e-10;-3.714135751948751e-06;7.092537688620578e+01;7.076419304322208e+01;5.386020998043060e+02;6.954111066564826e+01
2.319999999999994e-10;-3.104353161446040e-06;7.089412200457667e+01;7.082039682429780e+01;5.398452176037990e+02;6.958297648338331e+01
2.324999999999994e-10;-2.245983278763530e-06;7.086612673028367e+01;7.086434404959441e+01;5.411265201086344e+02;6.964705699467474e+01
2.329999999999994e-10;-1.321440500516123e-06;7.084181803768074e+01;7.090030115975151e+01;5.423097136860998e+02;6.972285526499729e+01
2.334999999999993e-10;-4.653722979036881e-07;7.082133008488726e+01;7.093195907496292e+01;5.433917111943487e+02;6.979970813223467e+01
2.339999999999993e-10;2.245209053139153e-07;7.080492087257943e+01;7.096206314852679e+01;5.444877206884466e+02;6.986924144997977e+01
2.344999999999993e-10;7.065781179851945e-07;7.079245923675315e+01;7.099266753180726e+01;5.456960305437156e+02;6.992729319353398e+01
2.349999999999993e-10;9.748983765434727e-07;7.078388692547367e+01;7.102489390657314e+01;5.469798662999880e+02;6.997320199019467e+01
2.354999999999993e-10;1.046382188139719e-06;7.077923100411300e+01;7.105939914246665e+01;5.482047909133779e+02;7.000841986303118e+01
2.359999999999993e-10;9.638705092141706e-07;7.077841730347978e+01;7.109644803910192e+01;5.493122233363345e+02;7.003610922079844e+01
2.364999999999993e-10;7.802934145573137e-07;7.078128432525935e+01;7.113610370442082e+01;5.503894153911375e+02;7.005964470202957e+01
2.369999999999993e-10;5.427873126387052e-07;7.078784219892681e+01;7.117857179544733e+01;5.515530034681944e+02;7.008164217335812e+01
2.374999999999993e-10;2.966992414556266e-07;7.079814362397460e+01;7.122424133492224e+01;5.528267961475723e+02;7.010409699920821e+01
2.379999999999993e-10;7.598850040433683e-08;7.081208792047258e+01;7.127352879966952e+01;5.540878348768454e+02;7.012802076874431e+01
2.384999999999993e-10;-9.669928983620935e-08;7.082983954584003e+01;7.132728475185222e+01;5.552298710752044e+02;7.015376725135975e+01
2.389999999999993e-10;-2.110529526691720e-07;7.085158473711351e+01;7.138658073744841e+01;5.563023357649324e+02;7.018121485227522e+01
2.394999999999993e-10;-2.698402769061309e-07;7.087742066800656e+01;7.145241250247361e+01;5.574285078129211e+02;7.021003339242309e+01
2.399999999999993e-10;-2.791199046704542e-07;7.090777545061128e+01;7.152631389145279e+01;5.586701477597236e+02;7.024004883074514e+01
2.404999999999993e-10;-2.490829764690065e-07;7.094343625267503e+01;7.161062480761994e+01;5.599535241938672e+02;7.027130042622348e+01
2.409999999999993e-10;-1.947117032868273e-07;7.098515317776241e+01;7.170768317356841e+01;5.611391594134826e+02;7.030405083877513e+01
2.414999999999993e-10;-1.294487147179073e-07;7.103388432716788e+01;7.182020669666349e+01;5.622206790208375e+02;7.033882631449026e+01
2.419999999999993e-10;-6.468018869334402e-08;7.109183849261430e+01;7.195366484982227e+01;5.633168655936885e+02;7.037673714984713e+01
2.424999999999993e-10;-8.362227133684856e-09;7.116033642039949e+01;7.211127956148530e+01;5.645215657711143e+02;7.041868434524632e+01
2.429999999999993e-10;3.454992036679759e-08;7.124246727755195e+01;7.229978380584588e+01;5.658052773317432e+02;7.046622342763487e+01
2.434999999999993e-10;6.173392792862106e-08;7.134249904011381e+01;7.252728677909390e+01;5.670324361747430e+02;7.052137657640458e+01
2.439999999999993e-10;7.386569959535758e-08;7.146596080365147e+01;7.280171148336328e+01;5.681418865037535e+02;7.058654011977397e+01
2.444999999999993e-10;7.359130224656505e-08;7.161949747441570e+01;7.312819103425626e+01;5.692167737927887e+02;7.066429470667508e+01
2.449999999999993e-10;6.362231869543546e-08;7.181590457683244e+01;7.351184090066867e+01;5.703809436786900e+02;7.075924212582851e+01
2.454999999999993e-10;4.812664894322498e-08;7.206819633577041e+01;7.394133589671205e+01;5.716518554045647e+02;7.087517312043150e+01
2.459999999999993e-10;3.043982548575114e-08;7.239534885009805e+01;7.439308060287431e+01;5.729135774578400e+02;7.101705772103806e+01
2.464999999999993e-10;1.343717161835031e-08;7.282189458949522e+01;7.482810390265362e+01;5.740582714336762e+02;7.119064476585086e+01
2.469999999999993e-10;-8.212079585158648e-10;7.336844509023398e+01;7.520443904917138e+01;5.751318595484896e+02;7.140120507532404e+01
2.474999999999993e-10;-1.138109313305547e-08;7.403159301828069e+01;7.549916561917699e+01;5.762544802805833e+02;7.165223259552126e+01
2.479999999999993e-10;-1.777476713673596e-08;7.477949961636038e+01;7.570464296252445e+01;5.774952432827110e+02;7.195051748306355e+01
2.484999999999993e-10;-2.014157174018670e-08;7.552518771059256e+01;7.583347887544627e+01;5.787808699855424e+02;7.230512245578336e+01
2.489999999999993e-10;-1.928522240462187e-08;7.616709683587767e+01;7.591383254643539e+01;5.799688615211136e+02;7.272318141623916e+01
2.494999999999993e-10;-1.615947696306308e-08;7.664966905407485e+01;7.597295751229200e+01;5.810500751157932e+02;7.320870952893299e+01
2.499999999999993e-10;-1.177871269870799e-08;7.697384262216769e+01;7.603304335207498e+01;5.821456144558260e+02;7.375094938907532e+01
2.504999999999993e-10;-7.038318445875507e-09;7.717623081351634e+01;7.610702046192479e+01;5.833468387187913e+02;7.431414306486082e+01
2.509999999999993e-10;-2.607326425467646e-09;7.728584853758211e+01;7.620167627148366e+01;5.846308912170430e+02;7.484387513197855e+01
2.514999999999993e-10;1.002156812480550e-09;7.733311146078815e+01;7.631672517351129e+01;5.858604420292155e+02;7.527588359100355e+01
2.519999999999993e-10;3.544664660261933e-09;7.734136920419485e+01;7.644557062166683e+01;5.869716112056681e+02;7.557437273504659e+01
2.524999999999993e-10;4.998894213711544e-09;7.732611310823511e+01;7.657912351522712e+01;5.880441133707823e+02;7.574390206825207e+01
2.529999999999993e-10;5.382510070920539e-09;7.729652931364960e+01;7.670727748201867e+01;5.892084340872171e+02;7.580698736123057e+01
2.534999999999993e-10;4.999359258258877e-09;7.726061983497462e+01;7.682298229162176e+01;5.904768777926158e+02;7.581598702502424e+01
2.539999999999993e-10;4.068519038461131e-09;7.722237260755190e+01;7.692143886360338e+01;5.917396410558551e+02;7.580733813477848e+01
2.544999999999993e-10;2.853715177376033e-09;7.718469692315209e+01;7.700113843037303e+01;5.928869636626684e+02;7.580998192246813e+01
2.549999999999993e-10;1.589963045053804e-09;7.714937370152154e+01;7.706366282139483e+01;5.939611825931569e+02;7.583726047062527e+01
2.554999999999993e-10;4.423096558390219e-10;7.711730272886805e+01;7.711249634375341e+01;5.950800293372198e+02;7.588895908995461e+01
2.559999999999993e-10;-4.613178666117646e-10;7.708934656115268e+01;7.715061294168686e+01;5.963214413442278e+02;7.595928424912518e+01
2.564999999999993e-10;-1.072260428839971e-09;7.706567524899717e+01;7.718236478560928e+01;5.976059321967674e+02;7.603650897504917e+01
2.569999999999993e-10;-1.385781606796024e-09;7.704643511306264e+01;7.721098973127945e+01;5.987966967613629e+02;7.611076094165404e+01
2.574999999999993e-10;-1.434829197366078e-09;7.703169851244726e+01;7.723899930133797e+01;5.998795887324034e+02;7.617506866239145e+01
2.579999999999993e-10;-1.288448221509677e-09;7.702125916131126e+01;7.726801339308001e+01;6.009739490989280e+02;7.622702377803139e+01
2.584999999999993e-10;-1.017468862774017e-09;7.701485137538374e+01;7.729880218947439e+01;6.021718785936617e+02;7.626750410313960e+01
2.589999999999993e-10;-6.834795996752614e-10;7.701250619155331e+01;7.733185286812072e+01;6.034567295786360e+02;7.629834734930029e+01
2.594999999999993e-10;-3.479955030306420e-10;7.701405255944842e+01;7.736731755987083e+01;6.046888042354606e+02;7.632295637816307e+01
2.599999999999993e-10;-5.474549309419232e-11;7.701924200964508e+01;7.740521627062355e+01;6.058013652638712e+02;7.634461810728685e+01
2.604999999999993e-10;1.694465400600062e-10;7.702796068038617e+01;7.744571634663595e+01;6.068741996277873e+02;7.636570641287898e+01
2.609999999999993e-10;3.118119680085709e-10;7.704017203997725e+01;7.748920522872021e+01;6.080354842120119e+02;7.638777731207195e+01
2.614999999999993e-10;3.788651616950788e-10;7.705564173363906e+01;7.753601266871871e+01;6.093018935267469e+02;7.641140085776497e+01
2.619999999999993e-10;3.791894495000635e-10;7.707449859287071e+01;7.758695288881100e+01;6.105660362156543e+02;7.643669726522171e+01
2.624999999999992e-10;3.302953855854639e-10;7.709684578778682e+01;7.764297287637137e+01;6.117159291028859e+02;7.646340468970772e+01
2.629999999999992e-10;2.518479115555633e-10;7.712284487161929e+01;7.770515307506989e+01;6.127902714538999e+02;7.649118536500627e+01
2.634999999999992e-10;1.611545989258422e-10;7.715271624167056e+01;7.777463357138272e+01;6.139063373093013e+02;7.651982994166389e+01
2.639999999999992e-10;7.323906218911512e-11;7.718732294273815e+01;7.785388729547186e+01;6.151473551334630e+02;7.654944445975514e+01
2.644999999999992e-10;-1.439596047886536e-12;7.722703465136635e+01;7.794437898015697e+01;6.164309319017257e+02;7.658026374339633e+01
2.649999999999992e-10;-5.648567352833740e-11;7.727297324530559e+01;7.804916536018041e+01;6.176237031745783e+02;7.661289471639206e+01
2.654999999999992e-10;-8.959460039150556e-11;7.732661968389476e+01;7.817212438764948e+01;6.187091883334037e+02;7.664823173774677e+01
2.659999999999992e-10;-1.027622636021091e-10;7.738959893865866e+01;7.831731164722733e+01;6.198018539572454e+02;7.668729140739629e+01
2.664999999999992e-10;-9.966905491029262e-11;7.746394854666127e+01;7.848941668177881e+01;6.209967154737490e+02;7.673122294149869e+01
2.669999999999992e-10;-8.422552775210328e-11;7.755359216461633e+01;7.869677344292684e+01;6.222828129330213e+02;7.678195493880816e+01
2.674999999999992e-10;-6.185058294881629e-11;7.766325909610673e+01;7.894750332612993e+01;6.235175170284751e+02;7.684165649468386e+01
2.679999999999992e-10;-3.734150759428054e-11;7.779871316796844e+01;7.924810555234038e+01;6.246311157083669e+02;7.691271768470612e+01
2.684999999999992e-10;-1.447721928090096e-11;7.797045475654593e+01;7.960572954363238e+01;6.257041057132355e+02;7.699916280586950e+01
2.689999999999992e-10;4.277258492374561e-12;7.818953236486895e+01;8.001441830360821e+01;6.268621061981963e+02;7.710450901267501e+01
2.694999999999992e-10;1.772159440013630e-11;7.847098636973715e+01;8.045787771046118e+01;6.281269323421399e+02;7.723299893735857e+01
2.699999999999992e-10;2.533935367729502e-11;7.883796357489454e+01;8.090506548379581e+01;6.293927721227160e+02;7.739056991593020e+01
2.704999999999992e-10;2.768743154594497e-11;7.931365520274571e+01;8.131320494960374e+01;6.305451476019604e+02;7.758239583128973e+01
2.709999999999992e-10;2.590662066241698e-11;7.991106390623816e+01;8.164823765713815e+01;6.316190936054546e+02;7.781291338073433e+01
2.714999999999992e-10;2.122727588320528e-11;8.062047859393877e+01;8.189317769136986e+01;6.327357244242841e+02;7.808818002780464e+01
2.719999999999992e-10;1.501512919469073e-11;8.138025729139756e+01;8.205351148937075e+01;6.339730135834150e+02;7.841589892307866e+01
2.724999999999992e-10;8.485228307943549e-12;8.209270479834315e+01;8.215379282829333e+01;6.352561354591319e+02;7.880203549859529e+01
2.729999999999992e-10;2.557646342810072e-12;8.267229445972094e+01;8.222016810796740e+01;6.364510729978319e+02;7.925447858952697e+01
2.734999999999992e-10;-2.137912853067793e-12;8.308733447537000e+01;8.227807188593036e+01;6.375388415169795e+02;7.977130105331958e+01
2.739999999999992e-10;-5.358978219305032e-12;8.335907700118813e+01;8.234509462072617e+01;6.386293161792419e+02;8.032882161752130e+01
2.744999999999992e-10;-7.094041216441622e-12;8.352043973891899e+01;8.243040424117277e+01;6.398213801450017e+02;8.088390160085261e+01
2.749999999999992e-10;-7.419590504830607e-12;8.360006816754272e+01;8.253813811639723e+01;6.411085049195410e+02;8.136962931258876e+01
2.754999999999992e-10;-6.710707789627261e-12;8.362933943222353e+01;8.266328033765758e+01;6.423465731133278e+02;8.173498955204177e+01
2.759999999999992e-10;-5.315332963442489e-12;8.362656866489839e+01;8.279760213712764e+01;6.434600629871999e+02;8.196079957086958e+01
2.764999999999992e-10;-3.601802646416583e-12;8.360499120799997e+01;8.293066774635122e+01;6.445337980288269e+02;8.206706931111404e+01
2.769999999999992e-10;-1.877037180780571e-12;8.357372826177911e+01;8.305412747221733e+01;6.456883147083661e+02;8.209892692719013e+01
2.774999999999992e-10;-3.512384440277786e-13;8.353782832869781e+01;8.316224034390956e+01;6.469520234073927e+02;8.209497017720430e+01
2.779999999999992e-10;8.207084043080841e-13;8.350091856568353e+01;8.325159878577895e+01;6.482198565843247e+02;8.208981751544984e+01
2.784999999999992e-10;1.580773713325175e-12;8.346536261201398e+01;8.332268885998803e+01;6.493745975430479e+02;8.210475431866266e+01
2.789999999999992e-10;1.946762774938127e-12;8.343246349812924e+01;8.337829292692776e+01;6.504476176341321e+02;8.214542992007668e+01
2.794999999999992e-10;1.956829340163982e-12;8.340322188602136e+01;8.342133163679432e+01;6.515646884086315e+02;8.220885029585114e+01
2.799999999999992e-10;1.716807325235558e-12;8.337790346070543e+01;8.345641929303765e+01;6.527984464354183e+02;8.228395186973185e+01
2.804999999999992e-10;1.318203910569947e-12;8.335673386054265e+01;8.348694299313877e+01;6.540815635947895e+02;8.236061377671797e+01
2.809999999999992e-10;8.525182357281929e-13;8.333984552196776e+01;8.351575558514131e+01;6.552788006962437e+02;8.243037758900019e+01
2.814999999999992e-10;3.989748354623134e-13;8.332720434699090e+01;8.354491751806998e+01;6.563685151293233e+02;8.248857868696344e+01
2.819999999999992e-10;1.017891698236654e-14;8.331859393656231e+01;8.357557149843649e+01;6.574563257143058e+02;8.253470641064391e+01
2.824999999999992e-10;-2.795773848573544e-13;8.331402453076522e+01;8.360837095664112e+01;6.586487891289071e+02;8.256995733603733e+01
2.829999999999992e-10;-4.569371048665351e-13;8.331339314792055e+01;8.364359806418680e+01;6.599334089296897e+02;8.259736977772708e+01
2.834999999999992e-10;-5.299235216256027e-13;8.331648702943484e+01;8.368129921170880e+01;6.611727141685087e+02;8.262040186332352e+01
2.839999999999992e-10;-5.145456285637999e-13;8.332327169580545e+01;8.372165714766759e+01;6.622886846883832e+02;8.264183564011138e+01
2.844999999999992e-10;-4.368416883102131e-13;8.333363922245707e+01;8.376493594526920e+01;6.633632439916568e+02;8.266367778585095e+01
2.849999999999992e-10;-3.242628268271940e-13;8.334738380906042e+01;8.381143233856801e+01;6.645141267995839e+02;8.268686883497024e+01
2.854999999999992e-10;-1.985216713096814e-13;8.336460689124202e+01;8.386184862482529e+01;6.657771952442198e+02;8.271176418863284e+01
2.859999999999992e-10;-7.973859856338504e-14;8.338548972582738e+01;8.391719147313736e+01;6.670472960116639e+02;8.273829376130631e+01
2.864999999999992e-10;1.836535797237767e-14;8.341014881005046e+01;8.397849141536324e+01;6.682042558786560e+02;8.276611453736663e+01
2.869999999999992e-10;8.913782673206422e-14;8.343881522891220e+01;8.404695312100534e+01;6.692762551188373e+02;8.279495814151014e+01
2.874999999999992e-10;1.287663263186977e-13;8.347229190945791e+01;8.412493548042025e+01;6.703932166454591e+02;8.282484220598542e+01
2.879999999999992e-10;1.423980269112239e-13;8.351083506630690e+01;8.421370514241445e+01;6.716236840807571e+02;8.285589062152570e+01
2.884999999999992e-10;1.340916653326123e-13;8.355553777617959e+01;8.431623815734859e+01;6.729072358952720e+02;8.288861902019374e+01
2.889999999999992e-10;1.105388758512557e-13;8.360775945444820e+01;8.443614257969102e+01;6.741068791922734e+02;8.292381979774549e+01
2.894999999999992e-10;7.891439811671763e-14;8.366922327482843e+01;8.457774723481094e+01;6.751981753861139e+02;8.296252751495041e+01
2.899999999999992e-10;4.528517071754654e-14;8.374183070845240e+01;8.474548173634766e+01;6.762828753811955e+02;8.300584985515884e+01
2.904999999999992e-10;1.459109867732980e-14;8.382976979557117e+01;8.494834661071103e+01;6.774759907326630e+02;8.305583690092698e+01
2.909999999999992e-10;-1.007225042493921e-14;8.393668107583233e+01;8.519232150504429e+01;6.787583386451254e+02;8.311419912027843e+01
2.914999999999991e-10;-2.704354483434976e-14;8.406881962147685e+01;8.548565571681424e+01;6.799987878489507e+02;8.318357850518790e+01
2.919999999999991e-10;-3.601293313362762e-14;8.423540259312739e+01;8.583476649868884e+01;6.811175586217702e+02;8.326750966589691e+01
2.924999999999991e-10;-3.800907513343062e-14;8.444843286715218e+01;8.623716415994303e+01;6.821924122269995e+02;8.336999856915429e+01
2.929999999999991e-10;-3.478594285412555e-14;8.472099740556691e+01;8.667706066314184e+01;6.833395617882732e+02;8.349463976849684e+01
2.934999999999991e-10;-2.780068123983490e-14;8.507499628065710e+01;8.712737065803529e+01;6.846024756533054e+02;8.364717781485730e+01
2.939999999999991e-10;-1.891681648590436e-14;8.553679170203503e+01;8.754492448230640e+01;6.858750954028899e+02;8.383374026286840e+01
2.944999999999991e-10;-9.976819453416453e-15;8.612141258233930e+01;8.789206199455974e+01;6.870340981700755e+02;8.405863285986972e+01
2.949999999999991e-10;-2.230858143447082e-15;8.682222708089613e+01;8.814871120808225e+01;6.881060272538361e+02;8.432788250952740e+01
2.954999999999991e-10;3.533034238558553e-15;8.757986642333393e+01;8.831935299258637e+01;6.892212993486633e+02;8.464858234704327e+01
2.959999999999991e-10;7.306724467464832e-15;8.830120170684341e+01;8.842777432128889e+01;6.904487574070361e+02;8.502557887348588e+01
2.964999999999991e-10;9.206328276141816e-15;8.889875321187422e+01;8.849765944028006e+01;6.917331707765888e+02;8.546813719254229e+01
2.969999999999991e-10;9.449245997691637e-15;8.933277431420970e+01;8.855529089760628e+01;6.929352998620158e+02;8.597642686939868e+01
2.974999999999991e-10;8.446433951623038e-15;8.961792197857739e+01;8.861993326451088e+01;6.940277880028841e+02;8.653125177969773e+01
2.979999999999991e-10;6.614584780346842e-15;8.978893380234993e+01;8.870203553027672e+01;6.951105290979825e+02;8.709056408966039e+01
2.984999999999991e-10;4.403476683201572e-15;8.987460996704294e+01;8.880668544671511e+01;6.963027842577233e+02;8.758697478552041e+01
2.989999999999991e-10;2.201978591685793e-15;8.990878229354327e+01;8.892897378520993e+01;6.975833225551794e+02;8.797118573602032e+01
2.994999999999991e-10;2.789527725394233e-16;8.990895819806769e+01;8.906185204999525e+01;6.988252122552475e+02;8.821786371362498e+01
2.999999999999991e-10;-1.180091624594489e-15;8.988890287508175e+01;8.919529542121964e+01;6.999466616634716e+02;8.834088662214785e+01
3.004999999999991e-10;-2.106705613197301e-15;8.985796745832879e+01;8.932015627449707e+01;7.010212727598863e+02;8.838057357680376e+01
3.009999999999991e-10;-2.538330383223876e-15;8.982197117116792e+01;8.943074471748187e+01;7.021646411045921e+02;8.837948139546835e+01
3.014999999999991e-10;-2.520975765193433e-15;8.978455726328689e+01;8.952256277580585e+01;7.034280371974337e+02;8.837236008293496e+01
3.019999999999991e-10;-2.198289921755361e-15;8.974829852779801e+01;8.959606009593745e+01;7.047021098638273e+02;8.838325222822499e+01
3.024999999999991e-10;-1.687065868696311e-15;8.971470273116525e+01;8.965318684266427e+01;7.058630830385707e+02;8.842069944622160e+01
3.029999999999991e-10;-1.098009498158997e-15;8.968472994868608e+01;8.969741256771459e+01;7.069358106374609e+02;8.848166986405768e+01
3.034999999999991e-10;-5.223975564487667e-16;8.965872095622902e+01;8.973318021850474e+01;7.080489296167711e+02;8.855568887327524e+01
3.039999999999991e-10;-2.466071411081456e-17;8.963680846953584e+01;8.976400455123014e+01;7.092736976500573e+02;8.863265571830632e+01
3.044999999999991e-10;3.463424045827064e-16;8.961925999583715e+01;8.979266350872206e+01;7.105593854549456e+02;8.870385632702772e+01
3.049999999999991e-10;5.767637177850597e-16;8.960602551095135e+01;8.982141039998231e+01;7.117640525336869e+02;8.876386501511288e+01
3.054999999999991e-10;6.744949476977287e-16;8.959693249054722e+01;8.985154684649471e+01;7.128573183341423e+02;8.881149921128853e+01
3.059999999999991e-10;6.596845867597769e-16;8.959192806643837e+01;8.988377190704973e+01;7.139404865730473e+02;8.884792888865694e+01
3.064999999999991e-10;5.638764587331234e-16;8.959089765943699e+01;8.991839044769533e+01;7.151291889042417e+02;8.887612450136942e+01
3.069999999999991e-10;4.226802378803506e-16;8.959355401517638e+01;8.995540987826705e+01;7.164083884238826e+02;8.889956879855617e+01
3.074999999999991e-10;2.631999847258054e-16;8.959987539151487e+01;8.999500501629242e+01;7.176519927074316e+02;8.892100791227558e+01
3.079999999999991e-10;1.092272227589215e-16;8.960975516557247e+01;9.003740887090083e+01;7.187759693000439e+02;8.894258485590191e+01
3.084999999999991e-10;-2.305592450646437e-17;8.962306046745533e+01;9.008297375952505e+01;7.198497972038325e+02;8.896543900469615e+01
3.089999999999991e-10;-1.232899643113811e-16;8.963973207067386e+01;9.013221804427259e+01;7.209911749036170e+02;8.898994587250081e+01
3.094999999999991e-10;-1.774418283052701e-16;8.966005864290365e+01;9.018625618747322e+01;7.222534906625764e+02;8.901613792447671e+01
3.099999999999991e-10;-1.932400457080452e-16;8.968398653813661e+01;9.024585432355155e+01;7.235272421705880e+02;8.904362010399628e+01
3.104999999999991e-10;-1.928149386087362e-16;8.971189629621377e+01;9.031246513021128e+01;7.246905962929827e+02;8.907215050828361e+01
3.109999999999991e-10;-1.752550753598417e-16;8.974428775540811e+01;9.038785619167267e+01;7.257655707049091e+02;8.910164294491604e+01
3.114999999999991e-10;-1.437644506142554e-16;8.978161995421550e+01;9.047369602055187e+01;7.268761034673086e+02;8.913223223233030e+01
3.119999999999991e-10;-1.011577951696259e-16;8.982465101160761e+01;9.057221755699271e+01;7.280985362517523e+02;8.916431175804486e+01
3.124999999999991e-10;-5.652983710959978e-17;8.987484665752314e+01;9.068726833935730e+01;7.293858959193313e+02;8.919866377374910e+01
3.129999999999991e-10;-1.218271373771969e-18;8.993377770949151e+01;9.082288257476448e+01;7.305931254884426e+02;8.923626293862361e+01
3.134999999999991e-10;3.409014792098448e-17;9.000334914527171e+01;9.098361123359875e+01;7.316867315209313e+02;8.927823389313085e+01
3.139999999999991e-10;6.267084278294991e-17;9.008731354545014e+01;9.117768759940557e+01;7.327701527309603e+02;8.932645974760821e+01
3.144999999999991e-10;8.401216989466253e-17;9.018902197303547e+01;9.141090899013903e+01;7.339552259024232e+02;8.938255164279551e+01
3.149999999999991e-10;1.066520328596613e-16;9.031389834139495e+01;9.169097111656140e+01;7.352335632245605e+02;8.944884737236376e+01
3.154999999999991e-10;1.282525209551322e-16;9.047040878015304e+01;9.202555337058075e+01;7.364791330882153e+02;8.952869749535387e+01
3.159999999999991e-10;7.572356318760933e-17;9.066956130883003e+01;9.241507353344588e+01;7.376054556781157e+02;8.962593706734046e+01
3.164999999999991e-10;9.120275451452489e-18;9.092485220548193e+01;9.284774320426260e+01;7.386779589449196e+02;8.974455990824077e+01
3.169999999999991e-10;-6.295698432955288e-17;9.125708344073315e+01;9.329878334689379e+01;7.398199099521250e+02;8.989014633714895e+01
3.174999999999991e-10;-2.751338879177364e-16;9.168993576757909e+01;9.372734301899239e+01;7.410787852423895e+02;9.006805466268688e+01
3.179999999999991e-10;-5.075033932168660e-16;9.224116843466703e+01;9.409473532586037e+01;7.423526387586020e+02;9.028264919657803e+01
3.184999999999991e-10;-6.099681646538245e-16;9.291440719061164e+01;9.437470931398596e+01;7.435184543122446e+02;9.054005471923287e+01
3.189999999999991e-10;-6.154974975529248e-16;9.366559782804852e+01;9.456559194666463e+01;7.445952725904791e+02;9.084692859306563e+01
3.194999999999991e-10;-5.789871472031819e-16;9.440580962035908e+01;9.468770363510086e+01;7.457028198515786e+02;9.120873240056910e+01
3.199999999999991e-10;-4.730214005735301e-16;9.504608946876475e+01;9.476495892564732e+01;7.469233047249107e+02;9.163280248820816e+01
3.204999999999990e-10;-3.289738063917032e-16;9.552380979652024e+01;9.482303469730458e+01;7.482127169060456e+02;9.212544826586057e+01
3.209999999999990e-10;-2.352273676355249e-16;9.584342637919838e+01;9.488436513616929e+01;7.494225054641088e+02;9.267299036455078e+01
3.214999999999990e-10;-1.222588227499154e-16;9.603823328059754e+01;9.496198122820383e+01;7.505158380189845e+02;9.323718862826627e+01
3.219999999999990e-10;-3.520177902785741e-17;9.614186479248346e+01;9.506166057569394e+01;7.515994992145827e+02;9.375418036299851e+01
3.224999999999990e-10;6.345862714285866e-17;9.618828191264478e+01;9.518007913618811e+01;7.527809183554366e+02;9.417021684885020e+01
3.229999999999990e-10;1.397681846143168e-16;9.619619112173714e+01;9.531129481815020e+01;7.540588730801404e+02;9.445258074383476e+01
3.234999999999990e-10;1.763521520717897e-16;9.618052146351914e+01;9.544578550824863e+01;7.553066358284019e+02;9.460370866483370e+01
3.239999999999990e-10;1.764215634803939e-16;9.615190468580718e+01;9.557378509112378e+01;7.564350936612700e+02;9.465979132994573e+01
3.244999999999990e-10;1.618934670792560e-16;9.611698674832932e+01;9.568851867328398e+01;7.575057333201603e+02;9.466489495211833e+01
3.249999999999990e-10;1.404893864695817e-16;9.607983343687636e+01;9.578531458291062e+01;7.586440544641647e+02;9.465611614220475e+01
