time units=S;Vdummy#branch units=A
0.000000000000000e+00;0.000000000000000e+00
5.000000000000000e-13;0.000000000000000e+00
1.000000000000000e-12;0.000000000000000e+00
1.500000000000000e-12;0.000000000000000e+00
2.000000000000000e-12;0.000000000000000e+00
2.500000000000000e-12;0.000000000000000e+00
3.000000000000000e-12;0.000000000000000e+00
3.500000000000000e-12;0.000000000000000e+00
4.000000000000000e-12;0.000000000000000e+00
4.500000000000000e-12;0.000000000000000e+00
5.000000000000000e-12;0.000000000000000e+00
5.500000000000000e-12;0.000000000000000e+00
5.999999999999999e-12;0.000000000000000e+00
6.499999999999999e-12;0.000000000000000e+00
6.999999999999999e-12;0.000000000000000e+00
7.500000000000000e-12;0.000000000000000e+00
8.000000000000000e-12;0.000000000000000e+00
8.500000000000000e-12;0.000000000000000e+00
9.000000000000000e-12;0.000000000000000e+00
9.500000000000000e-12;0.000000000000000e+00
9.999999999999999e-12;0.000000000000000e+00
1.050000000000000e-11;0.000000000000000e+00
1.100000000000000e-11;0.000000000000000e+00
1.150000000000000e-11;0.000000000000000e+00
1.200000000000000e-11;0.000000000000000e+00
1.250000000000000e-11;0.000000000000000e+00
1.300000000000000e-11;0.000000000000000e+00
1.350000000000000e-11;0.000000000000000e+00
1.400000000000000e-11;0.000000000000000e+00
1.450000000000000e-11;0.000000000000000e+00
1.500000000000000e-11;0.000000000000000e+00
1.550000000000000e-11;0.000000000000000e+00
1.600000000000000e-11;0.000000000000000e+00
1.650000000000000e-11;0.000000000000000e+00
1.700000000000001e-11;0.000000000000000e+00
1.750000000000001e-11;0.000000000000000e+00
1.800000000000001e-11;0.000000000000000e+00
1.850000000000001e-11;0.000000000000000e+00
1.900000000000001e-11;0.000000000000000e+00
1.950000000000001e-11;0.000000000000000e+00
2.000000000000001e-11;0.000000000000000e+00
2.050000000000002e-11;0.000000000000000e+00
2.100000000000002e-11;0.000000000000000e+00
2.150000000000002e-11;0.000000000000000e+00
2.200000000000002e-11;0.000000000000000e+00
2.250000000000002e-11;0.000000000000000e+00
2.300000000000002e-11;0.000000000000000e+00
2.350000000000003e-11;0.000000000000000e+00
2.400000000000003e-11;0.000000000000000e+00
2.450000000000003e-11;0.000000000000000e+00
2.500000000000003e-11;0.000000000000000e+00
2.550000000000003e-11;0.000000000000000e+00
2.600000000000003e-11;0.000000000000000e+00
2.650000000000003e-11;0.000000000000000e+00
2.700000000000004e-11;0.000000000000000e+00
2.750000000000004e-11;0.000000000000000e+00
2.800000000000004e-11;0.000000000000000e+00
2.850000000000004e-11;0.000000000000000e+00
2.900000000000004e-11;0.000000000000000e+00
2.950000000000004e-11;0.000000000000000e+00
3.000000000000004e-11;0.000000000000000e+00
3.050000000000004e-11;0.000000000000000e+00
3.100000000000004e-11;0.000000000000000e+00
3.150000000000003e-11;0.000000000000000e+00
3.200000000000003e-11;0.000000000000000e+00
3.250000000000003e-11;0.000000000000000e+00
3.300000000000003e-11;0.000000000000000e+00
3.350000000000003e-11;0.000000000000000e+00
3.400000000000002e-11;0.000000000000000e+00
3.450000000000002e-11;0.000000000000000e+00
3.500000000000002e-11;0.000000000000000e+00
3.550000000000002e-11;0.000000000000000e+00
3.600000000000002e-11;0.000000000000000e+00
3.650000000000002e-11;0.000000000000000e+00
3.700000000000001e-11;0.000000000000000e+00
3.750000000000001e-11;0.000000000000000e+00
3.800000000000001e-11;0.000000000000000e+00
3.850000000000001e-11;0.000000000000000e+00
3.900000000000001e-11;0.000000000000000e+00
3.950000000000001e-11;0.000000000000000e+00
4.000000000000000e-11;0.000000000000000e+00
4.050000000000000e-11;0.000000000000000e+00
4.100000000000000e-11;0.000000000000000e+00
4.150000000000000e-11;0.000000000000000e+00
4.200000000000000e-11;0.000000000000000e+00
4.250000000000000e-11;0.000000000000000e+00
4.299999999999999e-11;0.000000000000000e+00
4.349999999999999e-11;0.000000000000000e+00
4.399999999999999e-11;0.000000000000000e+00
4.449999999999999e-11;0.000000000000000e+00
4.499999999999999e-11;0.000000000000000e+00
4.549999999999999e-11;0.000000000000000e+00
4.599999999999998e-11;0.000000000000000e+00
4.649999999999998e-11;0.000000000000000e+00
4.699999999999998e-11;0.000000000000000e+00
4.749999999999998e-11;0.000000000000000e+00
4.799999999999998e-11;0.000000000000000e+00
4.849999999999997e-11;0.000000000000000e+00
4.899999999999997e-11;0.000000000000000e+00
4.949999999999997e-11;0.000000000000000e+00
4.999999999999997e-11;0.000000000000000e+00
5.049999999999997e-11;4.999999999999659e-05
5.099999999999997e-11;9.999999999999617e-05
5.149999999999996e-11;1.000000000000002e-04
5.199999999999996e-11;1.000000000000000e-04
5.249999999999996e-11;1.000000000000001e-04
5.299999999999996e-11;9.999999999999995e-05
5.349999999999996e-11;1.000000000000002e-04
5.399999999999996e-11;9.999999999999996e-05
5.449999999999995e-11;1.000000000000001e-04
5.499999999999995e-11;1.000000000000002e-04
5.549999999999995e-11;1.000000000000001e-04
5.599999999999995e-11;1.000000000000002e-04
5.649999999999995e-11;9.999999999999996e-05
5.699999999999995e-11;1.000000000000001e-04
5.749999999999994e-11;1.000000000000002e-04
5.799999999999994e-11;1.000000000000002e-04
5.849999999999994e-11;9.999999999999998e-05
5.899999999999994e-11;1.000000000000001e-04
5.949999999999994e-11;1.000000000000001e-04
5.999999999999993e-11;1.000000000000000e-04
6.049999999999993e-11;1.499999999999935e-04
6.099999999999993e-11;1.999999999999933e-04
6.149999999999993e-11;1.500000000000072e-04
6.199999999999993e-11;1.000000000000079e-04
6.249999999999993e-11;1.000000000000002e-04
6.299999999999992e-11;1.000000000000001e-04
6.349999999999992e-11;1.000000000000002e-04
6.399999999999992e-11;1.000000000000001e-04
6.449999999999992e-11;1.000000000000000e-04
6.499999999999992e-11;1.000000000000001e-04
6.549999999999992e-11;1.000000000000001e-04
6.599999999999991e-11;1.000000000000000e-04
6.649999999999991e-11;1.000000000000002e-04
6.699999999999991e-11;1.000000000000002e-04
6.749999999999991e-11;1.000000000000001e-04
6.799999999999991e-11;1.000000000000001e-04
6.849999999999991e-11;1.000000000000001e-04
6.899999999999990e-11;1.000000000000002e-04
6.949999999999990e-11;1.000000000000001e-04
6.999999999999990e-11;1.000000000000000e-04
7.049999999999990e-11;1.000000000000002e-04
7.099999999999990e-11;9.999999999999982e-05
7.149999999999990e-11;5.000000000001024e-05
7.199999999999989e-11;1.055659809140985e-17
7.249999999999989e-11;0.000000000000000e+00
7.299999999999989e-11;0.000000000000000e+00
7.349999999999989e-11;0.000000000000000e+00
7.399999999999989e-11;0.000000000000000e+00
7.449999999999988e-11;0.000000000000000e+00
7.499999999999988e-11;0.000000000000000e+00
7.549999999999988e-11;0.000000000000000e+00
7.599999999999988e-11;0.000000000000000e+00
7.649999999999988e-11;0.000000000000000e+00
7.699999999999988e-11;0.000000000000000e+00
7.749999999999987e-11;0.000000000000000e+00
7.799999999999987e-11;0.000000000000000e+00
7.849999999999987e-11;0.000000000000000e+00
7.899999999999987e-11;0.000000000000000e+00
7.949999999999987e-11;0.000000000000000e+00
7.999999999999987e-11;0.000000000000000e+00
8.049999999999986e-11;0.000000000000000e+00
8.099999999999986e-11;0.000000000000000e+00
8.149999999999986e-11;0.000000000000000e+00
8.199999999999986e-11;0.000000000000000e+00
8.249999999999986e-11;0.000000000000000e+00
8.299999999999986e-11;0.000000000000000e+00
8.349999999999985e-11;0.000000000000000e+00
8.399999999999985e-11;0.000000000000000e+00
8.449999999999985e-11;0.000000000000000e+00
8.499999999999985e-11;0.000000000000000e+00
8.549999999999985e-11;0.000000000000000e+00
8.599999999999985e-11;0.000000000000000e+00
8.649999999999984e-11;0.000000000000000e+00
8.699999999999984e-11;0.000000000000000e+00
8.749999999999984e-11;0.000000000000000e+00
8.799999999999984e-11;0.000000000000000e+00
8.849999999999984e-11;0.000000000000000e+00
8.899999999999983e-11;0.000000000000000e+00
8.949999999999983e-11;0.000000000000000e+00
8.999999999999983e-11;0.000000000000000e+00
9.049999999999983e-11;0.000000000000000e+00
9.099999999999983e-11;0.000000000000000e+00
9.149999999999983e-11;0.000000000000000e+00
9.199999999999982e-11;0.000000000000000e+00
9.249999999999982e-11;0.000000000000000e+00
9.299999999999982e-11;0.000000000000000e+00
9.349999999999982e-11;0.000000000000000e+00
9.399999999999982e-11;0.000000000000000e+00
9.449999999999982e-11;0.000000000000000e+00
9.499999999999981e-11;0.000000000000000e+00
9.549999999999981e-11;0.000000000000000e+00
9.599999999999981e-11;0.000000000000000e+00
9.649999999999981e-11;0.000000000000000e+00
9.699999999999981e-11;0.000000000000000e+00
9.749999999999981e-11;0.000000000000000e+00
9.799999999999980e-11;0.000000000000000e+00
9.849999999999980e-11;0.000000000000000e+00
9.899999999999980e-11;0.000000000000000e+00
9.949999999999980e-11;0.000000000000000e+00
9.999999999999980e-11;0.000000000000000e+00
1.004999999999998e-10;0.000000000000000e+00
1.009999999999998e-10;0.000000000000000e+00
1.014999999999998e-10;0.000000000000000e+00
1.019999999999998e-10;0.000000000000000e+00
1.024999999999998e-10;0.000000000000000e+00
1.029999999999998e-10;0.000000000000000e+00
1.034999999999998e-10;0.000000000000000e+00
1.039999999999998e-10;0.000000000000000e+00
1.044999999999998e-10;0.000000000000000e+00
1.049999999999998e-10;0.000000000000000e+00
1.054999999999998e-10;0.000000000000000e+00
1.059999999999998e-10;0.000000000000000e+00
1.064999999999998e-10;0.000000000000000e+00
1.069999999999998e-10;0.000000000000000e+00
1.074999999999998e-10;0.000000000000000e+00
1.079999999999998e-10;0.000000000000000e+00
1.084999999999998e-10;0.000000000000000e+00
1.089999999999998e-10;0.000000000000000e+00
1.094999999999998e-10;0.000000000000000e+00
1.099999999999998e-10;0.000000000000000e+00
1.104999999999998e-10;0.000000000000000e+00
1.109999999999998e-10;0.000000000000000e+00
1.114999999999998e-10;0.000000000000000e+00
1.119999999999998e-10;0.000000000000000e+00
1.124999999999998e-10;0.000000000000000e+00
1.129999999999998e-10;0.000000000000000e+00
1.134999999999998e-10;0.000000000000000e+00
1.139999999999997e-10;0.000000000000000e+00
1.144999999999997e-10;0.000000000000000e+00
1.149999999999997e-10;0.000000000000000e+00
1.154999999999997e-10;0.000000000000000e+00
1.159999999999997e-10;0.000000000000000e+00
1.164999999999998e-10;0.000000000000000e+00
1.169999999999998e-10;0.000000000000000e+00
1.174999999999997e-10;0.000000000000000e+00
1.179999999999997e-10;0.000000000000000e+00
1.184999999999997e-10;0.000000000000000e+00
1.189999999999997e-10;0.000000000000000e+00
1.194999999999997e-10;0.000000000000000e+00
1.199999999999997e-10;0.000000000000000e+00
1.204999999999997e-10;4.999999999997400e-05
1.209999999999997e-10;9.999999999997375e-05
1.214999999999997e-10;1.000000000000002e-04
1.219999999999997e-10;1.000000000000001e-04
1.224999999999997e-10;1.000000000000001e-04
1.229999999999997e-10;9.999999999999995e-05
1.234999999999997e-10;1.000000000000002e-04
1.239999999999997e-10;9.999999999999996e-05
1.244999999999997e-10;1.000000000000002e-04
1.249999999999997e-10;1.000000000000002e-04
1.254999999999997e-10;1.000000000000002e-04
1.259999999999997e-10;1.000000000000000e-04
1.264999999999997e-10;1.000000000000001e-04
1.269999999999997e-10;1.000000000000000e-04
1.274999999999997e-10;1.000000000000000e-04
1.279999999999997e-10;1.000000000000002e-04
1.284999999999997e-10;1.000000000000000e-04
1.289999999999997e-10;1.000000000000002e-04
1.294999999999997e-10;1.000000000000001e-04
1.299999999999997e-10;1.000000000000001e-04
1.304999999999997e-10;1.000000000000001e-04
1.309999999999997e-10;1.000000000000002e-04
1.314999999999997e-10;5.000000000002947e-05
1.319999999999997e-10;2.995221659798969e-17
1.324999999999997e-10;0.000000000000000e+00
1.329999999999997e-10;0.000000000000000e+00
1.334999999999997e-10;0.000000000000000e+00
1.339999999999997e-10;0.000000000000000e+00
1.344999999999997e-10;0.000000000000000e+00
1.349999999999997e-10;0.000000000000000e+00
1.354999999999997e-10;0.000000000000000e+00
1.359999999999997e-10;0.000000000000000e+00
1.364999999999997e-10;0.000000000000000e+00
1.369999999999997e-10;0.000000000000000e+00
1.374999999999997e-10;0.000000000000000e+00
1.379999999999997e-10;0.000000000000000e+00
1.384999999999997e-10;0.000000000000000e+00
1.389999999999997e-10;0.000000000000000e+00
1.394999999999997e-10;0.000000000000000e+00
1.399999999999997e-10;0.000000000000000e+00
1.404999999999997e-10;0.000000000000000e+00
1.409999999999997e-10;0.000000000000000e+00
1.414999999999997e-10;0.000000000000000e+00
1.419999999999997e-10;0.000000000000000e+00
1.424999999999997e-10;0.000000000000000e+00
1.429999999999997e-10;0.000000000000000e+00
1.434999999999997e-10;0.000000000000000e+00
1.439999999999997e-10;0.000000000000000e+00
1.444999999999997e-10;0.000000000000000e+00
1.449999999999997e-10;0.000000000000000e+00
1.454999999999997e-10;0.000000000000000e+00
1.459999999999997e-10;0.000000000000000e+00
1.464999999999996e-10;0.000000000000000e+00
1.469999999999996e-10;0.000000000000000e+00
1.474999999999996e-10;0.000000000000000e+00
1.479999999999996e-10;0.000000000000000e+00
1.484999999999996e-10;0.000000000000000e+00
1.489999999999996e-10;0.000000000000000e+00
1.494999999999996e-10;0.000000000000000e+00
1.499999999999996e-10;0.000000000000000e+00
1.504999999999996e-10;0.000000000000000e+00
1.509999999999996e-10;0.000000000000000e+00
1.514999999999996e-10;0.000000000000000e+00
1.519999999999996e-10;0.000000000000000e+00
1.524999999999996e-10;0.000000000000000e+00
1.529999999999996e-10;0.000000000000000e+00
1.534999999999996e-10;0.000000000000000e+00
1.539999999999996e-10;0.000000000000000e+00
1.544999999999996e-10;0.000000000000000e+00
1.549999999999996e-10;0.000000000000000e+00
1.554999999999996e-10;0.000000000000000e+00
1.559999999999996e-10;0.000000000000000e+00
1.564999999999996e-10;0.000000000000000e+00
1.569999999999996e-10;0.000000000000000e+00
1.574999999999996e-10;0.000000000000000e+00
1.579999999999996e-10;0.000000000000000e+00
1.584999999999996e-10;0.000000000000000e+00
1.589999999999996e-10;0.000000000000000e+00
1.594999999999996e-10;0.000000000000000e+00
1.599999999999996e-10;0.000000000000000e+00
1.604999999999996e-10;0.000000000000000e+00
1.609999999999996e-10;0.000000000000000e+00
1.614999999999996e-10;0.000000000000000e+00
1.619999999999996e-10;0.000000000000000e+00
1.624999999999996e-10;0.000000000000000e+00
1.629999999999996e-10;0.000000000000000e+00
1.634999999999996e-10;0.000000000000000e+00
1.639999999999996e-10;0.000000000000000e+00
1.644999999999996e-10;0.000000000000000e+00
1.649999999999996e-10;0.000000000000000e+00
1.654999999999996e-10;0.000000000000000e+00
1.659999999999996e-10;0.000000000000000e+00
1.664999999999996e-10;0.000000000000000e+00
1.669999999999996e-10;0.000000000000000e+00
1.674999999999996e-10;0.000000000000000e+00
1.679999999999996e-10;0.000000000000000e+00
1.684999999999996e-10;0.000000000000000e+00
1.689999999999996e-10;0.000000000000000e+00
1.694999999999996e-10;0.000000000000000e+00
1.699999999999996e-10;0.000000000000000e+00
1.704999999999996e-10;0.000000000000000e+00
1.709999999999996e-10;0.000000000000000e+00
1.714999999999996e-10;0.000000000000000e+00
1.719999999999996e-10;0.000000000000000e+00
1.724999999999996e-10;0.000000000000000e+00
1.729999999999996e-10;0.000000000000000e+00
1.734999999999996e-10;0.000000000000000e+00
1.739999999999996e-10;0.000000000000000e+00
1.744999999999996e-10;0.000000000000000e+00
1.749999999999996e-10;0.000000000000000e+00
1.754999999999995e-10;0.000000000000000e+00
1.759999999999995e-10;0.000000000000000e+00
1.764999999999995e-10;0.000000000000000e+00
1.769999999999995e-10;0.000000000000000e+00
1.774999999999995e-10;0.000000000000000e+00
1.779999999999995e-10;0.000000000000000e+00
1.784999999999995e-10;0.000000000000000e+00
1.789999999999995e-10;0.000000000000000e+00
1.794999999999995e-10;0.000000000000000e+00
1.799999999999995e-10;0.000000000000000e+00
1.804999999999995e-10;4.999999999995305e-05
1.809999999999995e-10;9.999999999995307e-05
1.814999999999995e-10;1.000000000000001e-04
1.819999999999995e-10;1.000000000000000e-04
1.824999999999995e-10;1.000000000000000e-04
1.829999999999995e-10;1.000000000000001e-04
1.834999999999995e-10;9.999999999999995e-05
1.839999999999995e-10;1.000000000000001e-04
1.844999999999995e-10;1.000000000000001e-04
1.849999999999995e-10;1.000000000000002e-04
1.854999999999995e-10;1.000000000000000e-04
1.859999999999995e-10;1.000000000000002e-04
1.864999999999995e-10;9.999999999999998e-05
1.869999999999995e-10;1.000000000000001e-04
1.874999999999995e-10;1.000000000000000e-04
1.879999999999995e-10;1.000000000000000e-04
1.884999999999995e-10;1.000000000000000e-04
1.889999999999995e-10;1.000000000000001e-04
1.894999999999995e-10;1.000000000000001e-04
1.899999999999995e-10;1.000000000000002e-04
1.904999999999995e-10;1.000000000000000e-04
1.909999999999995e-10;1.000000000000000e-04
1.914999999999995e-10;5.000000000005017e-05
1.919999999999995e-10;5.052331169456802e-17
1.924999999999995e-10;0.000000000000000e+00
1.929999999999995e-10;0.000000000000000e+00
1.934999999999995e-10;0.000000000000000e+00
1.939999999999995e-10;0.000000000000000e+00
1.944999999999995e-10;0.000000000000000e+00
1.949999999999995e-10;0.000000000000000e+00
1.954999999999995e-10;0.000000000000000e+00
1.959999999999995e-10;0.000000000000000e+00
1.964999999999995e-10;0.000000000000000e+00
1.969999999999995e-10;0.000000000000000e+00
1.974999999999995e-10;0.000000000000000e+00
1.979999999999995e-10;0.000000000000000e+00
1.984999999999995e-10;0.000000000000000e+00
1.989999999999995e-10;0.000000000000000e+00
1.994999999999995e-10;0.000000000000000e+00
1.999999999999995e-10;0.000000000000000e+00
2.004999999999995e-10;0.000000000000000e+00
2.009999999999995e-10;0.000000000000000e+00
2.014999999999995e-10;0.000000000000000e+00
2.019999999999995e-10;0.000000000000000e+00
2.024999999999995e-10;0.000000000000000e+00
2.029999999999995e-10;0.000000000000000e+00
2.034999999999995e-10;0.000000000000000e+00
2.039999999999995e-10;0.000000000000000e+00
2.044999999999994e-10;0.000000000000000e+00
2.049999999999994e-10;0.000000000000000e+00
2.054999999999994e-10;0.000000000000000e+00
2.059999999999994e-10;0.000000000000000e+00
2.064999999999994e-10;0.000000000000000e+00
2.069999999999994e-10;0.000000000000000e+00
2.074999999999994e-10;0.000000000000000e+00
2.079999999999994e-10;0.000000000000000e+00
2.084999999999994e-10;0.000000000000000e+00
2.089999999999994e-10;0.000000000000000e+00
2.094999999999994e-10;0.000000000000000e+00
2.099999999999994e-10;0.000000000000000e+00
2.104999999999994e-10;0.000000000000000e+00
2.109999999999994e-10;0.000000000000000e+00
2.114999999999994e-10;0.000000000000000e+00
2.119999999999994e-10;0.000000000000000e+00
2.124999999999994e-10;0.000000000000000e+00
2.129999999999994e-10;0.000000000000000e+00
2.134999999999994e-10;0.000000000000000e+00
2.139999999999994e-10;0.000000000000000e+00
2.144999999999994e-10;0.000000000000000e+00
2.149999999999994e-10;0.000000000000000e+00
2.154999999999994e-10;0.000000000000000e+00
2.159999999999994e-10;0.000000000000000e+00
2.164999999999994e-10;0.000000000000000e+00
2.169999999999994e-10;0.000000000000000e+00
2.174999999999994e-10;0.000000000000000e+00
2.179999999999994e-10;0.000000000000000e+00
2.184999999999994e-10;0.000000000000000e+00
2.189999999999994e-10;0.000000000000000e+00
2.194999999999994e-10;0.000000000000000e+00
2.199999999999994e-10;0.000000000000000e+00
2.204999999999994e-10;0.000000000000000e+00
2.209999999999994e-10;0.000000000000000e+00
2.214999999999994e-10;0.000000000000000e+00
2.219999999999994e-10;0.000000000000000e+00
2.224999999999994e-10;0.000000000000000e+00
2.229999999999994e-10;0.000000000000000e+00
2.234999999999994e-10;0.000000000000000e+00
2.239999999999994e-10;0.000000000000000e+00
2.244999999999994e-10;0.000000000000000e+00
2.249999999999994e-10;0.000000000000000e+00
2.254999999999994e-10;0.000000000000000e+00
2.259999999999994e-10;0.000000000000000e+00
2.264999999999994e-10;0.000000000000000e+00
2.269999999999994e-10;0.000000000000000e+00
2.274999999999994e-10;0.000000000000000e+00
2.279999999999994e-10;0.000000000000000e+00
2.284999999999994e-10;0.000000000000000e+00
2.289999999999994e-10;0.000000000000000e+00
2.294999999999994e-10;0.000000000000000e+00
2.299999999999994e-10;0.000000000000000e+00
2.304999999999994e-10;0.000000000000000e+00
2.309999999999994e-10;0.000000000000000e+00
2.314999999999994e-10;0.000000000000000e+00
2.319999999999994e-10;0.000000000000000e+00
2.324999999999994e-10;0.000000000000000e+00
2.329999999999994e-10;0.000000000000000e+00
2.334999999999993e-10;0.000000000000000e+00
2.339999999999993e-10;0.000000000000000e+00
2.344999999999993e-10;0.000000000000000e+00
2.349999999999993e-10;0.000000000000000e+00
2.354999999999993e-10;0.000000000000000e+00
2.359999999999993e-10;0.000000000000000e+00
2.364999999999993e-10;0.000000000000000e+00
2.369999999999993e-10;0.000000000000000e+00
2.374999999999993e-10;0.000000000000000e+00
2.379999999999993e-10;0.000000000000000e+00
2.384999999999993e-10;0.000000000000000e+00
2.389999999999993e-10;0.000000000000000e+00
2.394999999999993e-10;0.000000000000000e+00
2.399999999999993e-10;0.000000000000000e+00
2.404999999999993e-10;0.000000000000000e+00
2.409999999999993e-10;0.000000000000000e+00
2.414999999999993e-10;0.000000000000000e+00
2.419999999999993e-10;0.000000000000000e+00
2.424999999999993e-10;0.000000000000000e+00
2.429999999999993e-10;0.000000000000000e+00
2.434999999999993e-10;0.000000000000000e+00
2.439999999999993e-10;0.000000000000000e+00
2.444999999999993e-10;0.000000000000000e+00
2.449999999999993e-10;0.000000000000000e+00
2.454999999999993e-10;0.000000000000000e+00
2.459999999999993e-10;0.000000000000000e+00
2.464999999999993e-10;0.000000000000000e+00
2.469999999999993e-10;0.000000000000000e+00
2.474999999999993e-10;0.000000000000000e+00
2.479999999999993e-10;0.000000000000000e+00
2.484999999999993e-10;0.000000000000000e+00
2.489999999999993e-10;0.000000000000000e+00
2.494999999999993e-10;0.000000000000000e+00
2.499999999999993e-10;0.000000000000000e+00
2.504999999999993e-10;0.000000000000000e+00
2.509999999999993e-10;0.000000000000000e+00
2.514999999999993e-10;0.000000000000000e+00
2.519999999999993e-10;0.000000000000000e+00
2.524999999999993e-10;0.000000000000000e+00
2.529999999999993e-10;0.000000000000000e+00
2.534999999999993e-10;0.000000000000000e+00
2.539999999999993e-10;0.000000000000000e+00
2.544999999999993e-10;0.000000000000000e+00
2.549999999999993e-10;0.000000000000000e+00
2.554999999999993e-10;0.000000000000000e+00
2.559999999999993e-10;0.000000000000000e+00
2.564999999999993e-10;0.000000000000000e+00
2.569999999999993e-10;0.000000000000000e+00
2.574999999999993e-10;0.000000000000000e+00
2.579999999999993e-10;0.000000000000000e+00
2.584999999999993e-10;0.000000000000000e+00
2.589999999999993e-10;0.000000000000000e+00
2.594999999999993e-10;0.000000000000000e+00
2.599999999999993e-10;0.000000000000000e+00
2.604999999999993e-10;0.000000000000000e+00
2.609999999999993e-10;0.000000000000000e+00
2.614999999999993e-10;0.000000000000000e+00
2.619999999999993e-10;0.000000000000000e+00
2.624999999999992e-10;0.000000000000000e+00
2.629999999999992e-10;0.000000000000000e+00
2.634999999999992e-10;0.000000000000000e+00
2.639999999999992e-10;0.000000000000000e+00
2.644999999999992e-10;0.000000000000000e+00
2.649999999999992e-10;0.000000000000000e+00
2.654999999999992e-10;0.000000000000000e+00
2.659999999999992e-10;0.000000000000000e+00
2.664999999999992e-10;0.000000000000000e+00
2.669999999999992e-10;0.000000000000000e+00
2.674999999999992e-10;0.000000000000000e+00
2.679999999999992e-10;0.000000000000000e+00
2.684999999999992e-10;0.000000000000000e+00
2.689999999999992e-10;0.000000000000000e+00
2.694999999999992e-10;0.000000000000000e+00
2.699999999999992e-10;0.000000000000000e+00
2.704999999999992e-10;0.000000000000000e+00
2.709999999999992e-10;0.000000000000000e+00
2.714999999999992e-10;0.000000000000000e+00
2.719999999999992e-10;0.000000000000000e+00
2.724999999999992e-10;0.000000000000000e+00
2.729999999999992e-10;0.000000000000000e+00
2.734999999999992e-10;0.000000000000000e+00
2.739999999999992e-10;0.000000000000000e+00
2.744999999999992e-10;0.000000000000000e+00
2.749999999999992e-10;0.000000000000000e+00
2.754999999999992e-10;0.000000000000000e+00
2.759999999999992e-10;0.000000000000000e+00
2.764999999999992e-10;0.000000000000000e+00
2.769999999999992e-10;0.000000000000000e+00
2.774999999999992e-10;0.000000000000000e+00
2.779999999999992e-10;0.000000000000000e+00
2.784999999999992e-10;0.000000000000000e+00
2.789999999999992e-10;0.000000000000000e+00
2.794999999999992e-10;0.000000000000000e+00
2.799999999999992e-10;0.000000000000000e+00
2.804999999999992e-10;0.000000000000000e+00
2.809999999999992e-10;0.000000000000000e+00
2.814999999999992e-10;0.000000000000000e+00
2.819999999999992e-10;0.000000000000000e+00
2.824999999999992e-10;0.000000000000000e+00
2.829999999999992e-10;0.000000000000000e+00
2.834999999999992e-10;0.000000000000000e+00
2.839999999999992e-10;0.000000000000000e+00
2.844999999999992e-10;0.000000000000000e+00
2.849999999999992e-10;0.000000000000000e+00
2.854999999999992e-10;0.000000000000000e+00
2.859999999999992e-10;0.000000000000000e+00
2.864999999999992e-10;0.000000000000000e+00
2.869999999999992e-10;0.000000000000000e+00
2.874999999999992e-10;0.000000000000000e+00
2.879999999999992e-10;0.000000000000000e+00
2.884999999999992e-10;0.000000000000000e+00
2.889999999999992e-10;0.000000000000000e+00
2.894999999999992e-10;0.000000000000000e+00
2.899999999999992e-10;0.000000000000000e+00
2.904999999999992e-10;0.000000000000000e+00
2.909999999999992e-10;0.000000000000000e+00
2.914999999999991e-10;0.000000000000000e+00
2.919999999999991e-10;0.000000000000000e+00
2.924999999999991e-10;0.000000000000000e+00
2.929999999999991e-10;0.000000000000000e+00
2.934999999999991e-10;0.000000000000000e+00
2.939999999999991e-10;0.000000000000000e+00
2.944999999999991e-10;0.000000000000000e+00
2.949999999999991e-10;0.000000000000000e+00
2.954999999999991e-10;0.000000000000000e+00
2.959999999999991e-10;0.000000000000000e+00
2.964999999999991e-10;0.000000000000000e+00
2.969999999999991e-10;0.000000000000000e+00
2.974999999999991e-10;0.000000000000000e+00
2.979999999999991e-10;0.000000000000000e+00
2.984999999999991e-10;0.000000000000000e+00
2.989999999999991e-10;0.000000000000000e+00
2.994999999999991e-10;0.000000000000000e+00
2.999999999999991e-10;0.000000000000000e+00
3.004999999999991e-10;0.000000000000000e+00
3.009999999999991e-10;0.000000000000000e+00
3.014999999999991e-10;0.000000000000000e+00
3.019999999999991e-10;0.000000000000000e+00
3.024999999999991e-10;0.000000000000000e+00
3.029999999999991e-10;0.000000000000000e+00
3.034999999999991e-10;0.000000000000000e+00
3.039999999999991e-10;0.000000000000000e+00
3.044999999999991e-10;0.000000000000000e+00
3.049999999999991e-10;0.000000000000000e+00
3.054999999999991e-10;0.000000000000000e+00
3.059999999999991e-10;0.000000000000000e+00
3.064999999999991e-10;0.000000000000000e+00
3.069999999999991e-10;0.000000000000000e+00
3.074999999999991e-10;0.000000000000000e+00
3.079999999999991e-10;0.000000000000000e+00
3.084999999999991e-10;0.000000000000000e+00
3.089999999999991e-10;0.000000000000000e+00
3.094999999999991e-10;0.000000000000000e+00
3.099999999999991e-10;0.000000000000000e+00
3.104999999999991e-10;0.000000000000000e+00
3.109999999999991e-10;0.000000000000000e+00
3.114999999999991e-10;0.000000000000000e+00
3.119999999999991e-10;0.000000000000000e+00
3.124999999999991e-10;0.000000000000000e+00
3.129999999999991e-10;0.000000000000000e+00
3.134999999999991e-10;0.000000000000000e+00
3.139999999999991e-10;0.000000000000000e+00
3.144999999999991e-10;0.000000000000000e+00
3.149999999999991e-10;0.000000000000000e+00
3.154999999999991e-10;0.000000000000000e+00
3.159999999999991e-10;0.000000000000000e+00
3.164999999999991e-10;0.000000000000000e+00
3.169999999999991e-10;0.000000000000000e+00
3.174999999999991e-10;0.000000000000000e+00
3.179999999999991e-10;0.000000000000000e+00
3.184999999999991e-10;0.000000000000000e+00
3.189999999999991e-10;0.000000000000000e+00
3.194999999999991e-10;0.000000000000000e+00
3.199999999999991e-10;0.000000000000000e+00
3.204999999999990e-10;0.000000000000000e+00
3.209999999999990e-10;0.000000000000000e+00
3.214999999999990e-10;0.000000000000000e+00
3.219999999999990e-10;0.000000000000000e+00
3.224999999999990e-10;0.000000000000000e+00
3.229999999999990e-10;0.000000000000000e+00
3.234999999999990e-10;0.000000000000000e+00
3.239999999999990e-10;0.000000000000000e+00
3.244999999999990e-10;0.000000000000000e+00
3.249999999999990e-10;0.000000000000000e+00
